2026-06-01 10:20:34 [INFO] CSC is loading...   Success！
2026-06-01 10:27:34 [INFO]    _____  _____  _____ 
2026-06-01 10:27:34 [INFO]   / ____|/ ____|/ ____|
2026-06-01 10:27:34 [INFO]  | |    | (___ | |        [CSC] Version: v1.21.26
2026-06-01 10:27:34 [INFO]  | |     \___ \| |        Minecraft Version: 1.21.1 neoforge
2026-06-01 10:27:34 [INFO]  | |____ ____) | |____    Problem/Feedback: Discord: https://discord.gg/rQV5JPauY7
2026-06-01 10:27:34 [INFO]   \_____|_____/ \_____|
2026-06-01 10:27:34 [INFO]                        
2026-06-01 10:27:34 [INFO] Security notice: Mod id whitelist mode is enabled. This feature restricts printing blocks from mods outside the whitelist to reduce the risk of blueprint vulnerabilities from unknown mods.
If the administrator already understands this security notice, disable the notice with: /csc notice whitelistid off
Control mod id whitelist mode: /csc mode whitelistid on|off
Open config/CSC/config.toml for more detailed configuration.
2026-06-01 10:28:58 [INFO]  Reloading configuration--
2026-06-01 10:28:58 [INFO]  Configuration loaded
2026-06-01 14:04:55 [INFO] CSC is loading...   Success！
2026-06-01 14:06:52 [INFO]    _____  _____  _____ 
2026-06-01 14:06:52 [INFO]   / ____|/ ____|/ ____|
2026-06-01 14:06:52 [INFO]  | |    | (___ | |        [CSC] Version: v1.21.26
2026-06-01 14:06:52 [INFO]  | |     \___ \| |        Minecraft Version: 1.21.1 neoforge
2026-06-01 14:06:52 [INFO]  | |____ ____) | |____    Problem/Feedback: Discord: https://discord.gg/rQV5JPauY7
2026-06-01 14:06:52 [INFO]   \_____|_____/ \_____|
2026-06-01 14:06:52 [INFO]                        
2026-06-01 15:11:41 [INFO] CSC is loading...   Success！
2026-06-01 15:14:04 [INFO]    _____  _____  _____ 
2026-06-01 15:14:04 [INFO]   / ____|/ ____|/ ____|
2026-06-01 15:14:04 [INFO]  | |    | (___ | |        [CSC] Version: v1.21.26
2026-06-01 15:14:04 [INFO]  | |     \___ \| |        Minecraft Version: 1.21.1 neoforge
2026-06-01 15:14:04 [INFO]  | |____ ____) | |____    Problem/Feedback: Discord: https://discord.gg/rQV5JPauY7
2026-06-01 15:14:04 [INFO]   \_____|_____/ \_____|
2026-06-01 15:14:04 [INFO]                        
2026-06-01 15:57:38 [INFO] CSC is loading...   Success！
2026-06-01 16:00:38 [INFO]    _____  _____  _____ 
2026-06-01 16:00:38 [INFO]   / ____|/ ____|/ ____|
2026-06-01 16:00:38 [INFO]  | |    | (___ | |        [CSC] Version: v1.21.26
2026-06-01 16:00:38 [INFO]  | |     \___ \| |        Minecraft Version: 1.21.1 neoforge
2026-06-01 16:00:38 [INFO]  | |____ ____) | |____    Problem/Feedback: Discord: https://discord.gg/rQV5JPauY7
2026-06-01 16:00:38 [INFO]   \_____|_____/ \_____|
2026-06-01 16:00:38 [INFO]                        
2026-06-01 16:09:21 [INFO] CSC close completely, thanks for using!
2026-06-01 16:14:57 [INFO] CSC is loading...   Success！
2026-06-01 16:15:31 [INFO]    _____  _____  _____ 
2026-06-01 16:15:31 [INFO]   / ____|/ ____|/ ____|
2026-06-01 16:15:31 [INFO]  | |    | (___ | |        [CSC] Version: v1.21.26
2026-06-01 16:15:31 [INFO]  | |     \___ \| |        Minecraft Version: 1.21.1 neoforge
2026-06-01 16:15:31 [INFO]  | |____ ____) | |____    Problem/Feedback: Discord: https://discord.gg/rQV5JPauY7
2026-06-01 16:15:31 [INFO]   \_____|_____/ \_____|
2026-06-01 16:15:31 [INFO]                        
2026-06-01 16:33:47 [INFO] CSC is loading...   Success！
2026-06-01 16:36:11 [INFO]    _____  _____  _____ 
2026-06-01 16:36:11 [INFO]   / ____|/ ____|/ ____|
2026-06-01 16:36:11 [INFO]  | |    | (___ | |        [CSC] Version: v1.21.26
2026-06-01 16:36:11 [INFO]  | |     \___ \| |        Minecraft Version: 1.21.1 neoforge
2026-06-01 16:36:11 [INFO]  | |____ ____) | |____    Problem/Feedback: Discord: https://discord.gg/rQV5JPauY7
2026-06-01 16:36:11 [INFO]   \_____|_____/ \_____|
2026-06-01 16:36:11 [INFO]                        
2026-06-01 16:36:15 [INFO] CSC close completely, thanks for using!
2026-06-01 16:37:31 [INFO] CSC is loading...   Success！
2026-06-01 16:42:02 [INFO]    _____  _____  _____ 
2026-06-01 16:42:02 [INFO]   / ____|/ ____|/ ____|
2026-06-01 16:42:02 [INFO]  | |    | (___ | |        [CSC] Version: v1.21.26
2026-06-01 16:42:02 [INFO]  | |     \___ \| |        Minecraft Version: 1.21.1 neoforge
2026-06-01 16:42:02 [INFO]  | |____ ____) | |____    Problem/Feedback: Discord: https://discord.gg/rQV5JPauY7
2026-06-01 16:42:02 [INFO]   \_____|_____/ \_____|
2026-06-01 16:42:02 [INFO]                        
2026-06-02 17:46:30 [INFO] CSC is loading...   Success！
2026-06-02 17:48:50 [INFO] CSC is loading...   Success！
2026-06-02 18:30:22 [INFO] CSC is loading...   Success！
2026-06-02 18:31:09 [INFO]    _____  _____  _____ 
2026-06-02 18:31:09 [INFO]   / ____|/ ____|/ ____|
2026-06-02 18:31:09 [INFO]  | |    | (___ | |        [CSC] Version: v1.21.26
2026-06-02 18:31:09 [INFO]  | |     \___ \| |        Minecraft Version: 1.21.1 neoforge
2026-06-02 18:31:09 [INFO]  | |____ ____) | |____    Problem/Feedback: Discord: https://discord.gg/rQV5JPauY7
2026-06-02 18:31:09 [INFO]   \_____|_____/ \_____|
2026-06-02 18:31:09 [INFO]                        
2026-06-02 19:47:48 [INFO] CSC is loading...   Success！
2026-06-02 19:48:41 [INFO]    _____  _____  _____ 
2026-06-02 19:48:41 [INFO]   / ____|/ ____|/ ____|
2026-06-02 19:48:41 [INFO]  | |    | (___ | |        [CSC] Version: v1.21.26
2026-06-02 19:48:41 [INFO]  | |     \___ \| |        Minecraft Version: 1.21.1 neoforge
2026-06-02 19:48:41 [INFO]  | |____ ____) | |____    Problem/Feedback: Discord: https://discord.gg/rQV5JPauY7
2026-06-02 19:48:41 [INFO]   \_____|_____/ \_____|
2026-06-02 19:48:41 [INFO]                        
2026-06-02 21:30:30 [INFO] CSC is loading...   Success！
2026-06-02 21:37:42 [INFO] CSC is loading...   Success！
2026-06-02 21:44:11 [INFO] CSC is loading...   Success！
2026-06-02 21:48:28 [INFO] CSC is loading...   Success！
2026-06-02 21:49:05 [INFO]    _____  _____  _____ 
2026-06-02 21:49:05 [INFO]   / ____|/ ____|/ ____|
2026-06-02 21:49:05 [INFO]  | |    | (___ | |        [CSC] Version: v1.21.26
2026-06-02 21:49:05 [INFO]  | |     \___ \| |        Minecraft Version: 1.21.1 neoforge
2026-06-02 21:49:05 [INFO]  | |____ ____) | |____    Problem/Feedback: Discord: https://discord.gg/rQV5JPauY7
2026-06-02 21:49:05 [INFO]   \_____|_____/ \_____|
2026-06-02 21:49:05 [INFO]                        
2026-06-02 21:49:10 [INFO] CSC close completely, thanks for using!
2026-06-02 21:50:33 [INFO] CSC is loading...   Success！
2026-06-02 21:51:44 [INFO]    _____  _____  _____ 
2026-06-02 21:51:44 [INFO]   / ____|/ ____|/ ____|
2026-06-02 21:51:44 [INFO]  | |    | (___ | |        [CSC] Version: v1.21.26
2026-06-02 21:51:44 [INFO]  | |     \___ \| |        Minecraft Version: 1.21.1 neoforge
2026-06-02 21:51:44 [INFO]  | |____ ____) | |____    Problem/Feedback: Discord: https://discord.gg/rQV5JPauY7
2026-06-02 21:51:44 [INFO]   \_____|_____/ \_____|
2026-06-02 21:51:44 [INFO]                        
2026-06-02 22:16:35 [INFO] CSC is loading...   Success！
2026-06-02 22:17:12 [INFO]    _____  _____  _____ 
2026-06-02 22:17:12 [INFO]   / ____|/ ____|/ ____|
2026-06-02 22:17:12 [INFO]  | |    | (___ | |        [CSC] Version: v1.21.26
2026-06-02 22:17:12 [INFO]  | |     \___ \| |        Minecraft Version: 1.21.1 neoforge
2026-06-02 22:17:12 [INFO]  | |____ ____) | |____    Problem/Feedback: Discord: https://discord.gg/rQV5JPauY7
2026-06-02 22:17:12 [INFO]   \_____|_____/ \_____|
2026-06-02 22:17:12 [INFO]                        
2026-06-02 22:29:08 [INFO] CSC is loading...   Success！
2026-06-02 22:32:43 [INFO] CSC is loading...   Success！
2026-06-02 22:37:24 [INFO] CSC is loading...   Success！
2026-06-02 22:39:30 [INFO] CSC is loading...   Success！
2026-06-02 22:57:07 [INFO] CSC is loading...   Success！
2026-06-02 23:03:03 [INFO] CSC is loading...   Success！
2026-06-02 23:13:25 [INFO] CSC is loading...   Success！
2026-06-02 23:22:27 [INFO] CSC is loading...   Success！
2026-06-02 23:23:40 [INFO]    _____  _____  _____ 
2026-06-02 23:23:40 [INFO]   / ____|/ ____|/ ____|
2026-06-02 23:23:40 [INFO]  | |    | (___ | |        [CSC] Version: v1.21.26
2026-06-02 23:23:40 [INFO]  | |     \___ \| |        Minecraft Version: 1.21.1 neoforge
2026-06-02 23:23:40 [INFO]  | |____ ____) | |____    Problem/Feedback: Discord: https://discord.gg/rQV5JPauY7
2026-06-02 23:23:40 [INFO]   \_____|_____/ \_____|
2026-06-02 23:23:40 [INFO]                        
2026-06-02 23:56:44 [INFO] CSC is loading...   Success！
2026-06-02 23:57:49 [INFO]    _____  _____  _____ 
2026-06-02 23:57:49 [INFO]   / ____|/ ____|/ ____|
2026-06-02 23:57:49 [INFO]  | |    | (___ | |        [CSC] Version: v1.21.26
2026-06-02 23:57:49 [INFO]  | |     \___ \| |        Minecraft Version: 1.21.1 neoforge
2026-06-02 23:57:49 [INFO]  | |____ ____) | |____    Problem/Feedback: Discord: https://discord.gg/rQV5JPauY7
2026-06-02 23:57:49 [INFO]   \_____|_____/ \_____|
2026-06-02 23:57:49 [INFO]                        
2026-06-03 00:13:50 [INFO] CSC is loading...   Success！
2026-06-03 00:17:08 [INFO]    _____  _____  _____ 
2026-06-03 00:17:08 [INFO]   / ____|/ ____|/ ____|
2026-06-03 00:17:08 [INFO]  | |    | (___ | |        [CSC] Version: v1.21.26
2026-06-03 00:17:08 [INFO]  | |     \___ \| |        Minecraft Version: 1.21.1 neoforge
2026-06-03 00:17:08 [INFO]  | |____ ____) | |____    Problem/Feedback: Discord: https://discord.gg/rQV5JPauY7
2026-06-03 00:17:08 [INFO]   \_____|_____/ \_____|
2026-06-03 00:17:08 [INFO]                        
2026-06-03 00:19:43 [INFO] CSC close completely, thanks for using!
2026-06-03 10:40:56 [INFO] CSC is loading...   Success！
2026-06-03 10:41:41 [INFO]    _____  _____  _____ 
2026-06-03 10:41:41 [INFO]   / ____|/ ____|/ ____|
2026-06-03 10:41:41 [INFO]  | |    | (___ | |        [CSC] Version: v1.21.26
2026-06-03 10:41:41 [INFO]  | |     \___ \| |        Minecraft Version: 1.21.1 neoforge
2026-06-03 10:41:41 [INFO]  | |____ ____) | |____    Problem/Feedback: Discord: https://discord.gg/rQV5JPauY7
2026-06-03 10:41:41 [INFO]   \_____|_____/ \_____|
2026-06-03 10:41:41 [INFO]                        
2026-06-03 12:47:14 [INFO] CSC is loading...   Success！
2026-06-03 12:48:04 [INFO]    _____  _____  _____ 
2026-06-03 12:48:04 [INFO]   / ____|/ ____|/ ____|
2026-06-03 12:48:04 [INFO]  | |    | (___ | |        [CSC] Version: v1.21.26
2026-06-03 12:48:04 [INFO]  | |     \___ \| |        Minecraft Version: 1.21.1 neoforge
2026-06-03 12:48:04 [INFO]  | |____ ____) | |____    Problem/Feedback: Discord: https://discord.gg/rQV5JPauY7
2026-06-03 12:48:04 [INFO]   \_____|_____/ \_____|
2026-06-03 12:48:04 [INFO]                        
2026-06-03 14:21:39 [INFO] CSC close completely, thanks for using!
2026-06-03 20:57:24 [INFO] CSC is loading...   Success！
2026-06-03 20:58:59 [INFO]    _____  _____  _____ 
2026-06-03 20:58:59 [INFO]   / ____|/ ____|/ ____|
2026-06-03 20:58:59 [INFO]  | |    | (___ | |        [CSC] Version: v1.21.26
2026-06-03 20:58:59 [INFO]  | |     \___ \| |        Minecraft Version: 1.21.1 neoforge
2026-06-03 20:58:59 [INFO]  | |____ ____) | |____    Problem/Feedback: Discord: https://discord.gg/rQV5JPauY7
2026-06-03 20:58:59 [INFO]   \_____|_____/ \_____|
2026-06-03 20:58:59 [INFO]                        
2026-06-03 20:59:05 [INFO] CSC close completely, thanks for using!
2026-06-03 21:00:55 [INFO] CSC is loading...   Success！
2026-06-03 21:02:11 [INFO]    _____  _____  _____ 
2026-06-03 21:02:11 [INFO]   / ____|/ ____|/ ____|
2026-06-03 21:02:11 [INFO]  | |    | (___ | |        [CSC] Version: v1.21.26
2026-06-03 21:02:11 [INFO]  | |     \___ \| |        Minecraft Version: 1.21.1 neoforge
2026-06-03 21:02:11 [INFO]  | |____ ____) | |____    Problem/Feedback: Discord: https://discord.gg/rQV5JPauY7
2026-06-03 21:02:11 [INFO]   \_____|_____/ \_____|
2026-06-03 21:02:11 [INFO]                        
2026-06-03 21:02:15 [INFO] CSC close completely, thanks for using!
2026-06-03 21:04:15 [INFO] CSC is loading...   Success！
2026-06-03 21:04:53 [INFO]    _____  _____  _____ 
2026-06-03 21:04:53 [INFO]   / ____|/ ____|/ ____|
2026-06-03 21:04:53 [INFO]  | |    | (___ | |        [CSC] Version: v1.21.26
2026-06-03 21:04:53 [INFO]  | |     \___ \| |        Minecraft Version: 1.21.1 neoforge
2026-06-03 21:04:53 [INFO]  | |____ ____) | |____    Problem/Feedback: Discord: https://discord.gg/rQV5JPauY7
2026-06-03 21:04:53 [INFO]   \_____|_____/ \_____|
2026-06-03 21:04:53 [INFO]                        
2026-06-03 21:18:21 [INFO] CSC is loading...   Success！
2026-06-03 21:20:12 [INFO]    _____  _____  _____ 
2026-06-03 21:20:12 [INFO]   / ____|/ ____|/ ____|
2026-06-03 21:20:12 [INFO]  | |    | (___ | |        [CSC] Version: v1.21.26
2026-06-03 21:20:12 [INFO]  | |     \___ \| |        Minecraft Version: 1.21.1 neoforge
2026-06-03 21:20:12 [INFO]  | |____ ____) | |____    Problem/Feedback: Discord: https://discord.gg/rQV5JPauY7
2026-06-03 21:20:12 [INFO]   \_____|_____/ \_____|
2026-06-03 21:20:12 [INFO]                        
2026-06-03 21:25:03 [INFO] CSC close completely, thanks for using!
2026-06-03 21:25:25 [INFO]    _____  _____  _____ 
2026-06-03 21:25:25 [INFO]   / ____|/ ____|/ ____|
2026-06-03 21:25:25 [INFO]  | |    | (___ | |        [CSC] Version: v1.21.26
2026-06-03 21:25:25 [INFO]  | |     \___ \| |        Minecraft Version: 1.21.1 neoforge
2026-06-03 21:25:25 [INFO]  | |____ ____) | |____    Problem/Feedback: Discord: https://discord.gg/rQV5JPauY7
2026-06-03 21:25:25 [INFO]   \_____|_____/ \_____|
2026-06-03 21:25:25 [INFO]                        
2026-06-03 23:33:18 [INFO] thread run！goal =》./schematics/uploaded/CardboardBoxMan/arena_v3.nbt
2026-06-03 23:33:18 [INFO] Meow, output schematic item list!
2026-06-03 23:33:18 [INFO] ID: minecraft:stripped_oak_wood, Count: 35
2026-06-03 23:33:18 [INFO] ID: minecraft:waxed_oxidized_copper_grate, Count: 30
2026-06-03 23:33:18 [INFO] ID: minecraft:waxed_exposed_copper_trapdoor, Count: 2
2026-06-03 23:33:18 [INFO] ID: minecraft:chiseled_tuff, Count: 29
2026-06-03 23:33:18 [INFO] ID: minecraft:tnt, Count: 4
2026-06-03 23:33:18 [INFO] ID: create:andesite_casing, Count: 1
2026-06-03 23:33:18 [INFO] ID: minecraft:polished_tuff, Count: 31
2026-06-03 23:33:18 [INFO] ID: minecraft:waxed_oxidized_copper_trapdoor, Count: 4
2026-06-03 23:33:18 [INFO] ID: minecraft:dispenser, Count: 9
2026-06-03 23:33:18 [INFO] ID: minecraft:tuff_slab, Count: 3
2026-06-03 23:33:18 [INFO] ID: minecraft:waxed_oxidized_cut_copper, Count: 2
2026-06-03 23:33:18 [INFO] ID: minecraft:waxed_oxidized_chiseled_copper, Count: 1
2026-06-03 23:33:18 [INFO] ID: minecraft:tuff_stairs, Count: 2
2026-06-03 23:33:18 [INFO] ID: minecraft:waxed_exposed_copper_grate, Count: 48
2026-06-03 23:33:18 [INFO] ID: minecraft:magenta_glazed_terracotta, Count: 1
2026-06-03 23:33:18 [INFO] ID: minecraft:redstone_wire, Count: 41
2026-06-03 23:33:18 [INFO] ID: get_creative:breeze_whirler, Count: 1
2026-06-03 23:33:18 [INFO] ID: minecraft:comparator, Count: 4
2026-06-03 23:33:18 [INFO] ID: minecraft:target, Count: 4
2026-06-03 23:33:18 [INFO] ID: minecraft:waxed_copper_grate, Count: 160
2026-06-03 23:33:18 [INFO] ID: minecraft:waxed_copper_bulb, Count: 2
2026-06-03 23:33:18 [INFO] ID: minecraft:tuff_bricks, Count: 4
2026-06-03 23:33:18 [INFO] ID: minecraft:tuff_wall, Count: 16
2026-06-03 23:33:18 [INFO] ID: minecraft:oak_button, Count: 2
2026-06-03 23:33:18 [INFO] ID: create:mechanical_bearing, Count: 2
2026-06-03 23:33:18 [INFO] ID: minecraft:repeater, Count: 2
2026-06-03 23:33:18 [INFO] ID: minecraft:oxidized_cut_copper_slab, Count: 8
2026-06-03 23:33:18 [INFO] ID: create:encased_large_cogwheel, Count: 2
2026-06-03 23:33:18 [INFO] ID: minecraft:chiseled_tuff_bricks, Count: 22
2026-06-03 23:33:18 [INFO] ID: simulated:redstone_inductor, Count: 1
2026-06-03 23:33:18 [INFO] ID: yungscavebiomes:ice_sheet, Count: 36
2026-06-03 23:33:18 [INFO] ID: minecraft:waxed_cut_copper, Count: 4
2026-06-03 23:33:18 [INFO] ID: minecraft:tuff, Count: 19
2026-06-03 23:33:18 [INFO] ID: minecraft:redstone_wall_torch, Count: 4
2026-06-03 23:33:18 [INFO] ID: minecraft:magma_block, Count: 2
2026-06-03 23:33:18 [INFO] ID: minecraft:tuff_brick_slab, Count: 3
2026-06-03 23:33:18 [INFO] ID: minecraft:polished_tuff_stairs, Count: 4
2026-06-03 23:33:18 [INFO] ID: minecraft:tuff_brick_stairs, Count: 14
2026-06-03 23:33:18 [INFO] ID: minecraft:waxed_copper_trapdoor, Count: 4
2026-06-03 23:33:18 [INFO] ID: create:sequenced_gearshift, Count: 2
2026-06-03 23:33:18 [INFO] ID: minecraft:waxed_chiseled_copper, Count: 4
2026-06-03 23:33:18 [INFO] bibi~ scan success time consume：144 ms
2026-06-03 23:39:36 [INFO] thread run！goal =》./schematics/uploaded/CardboardBoxMan/arena_v3.nbt
2026-06-03 23:39:36 [INFO] Meow, output schematic item list!
2026-06-03 23:39:36 [INFO] ID: minecraft:stripped_oak_wood, Count: 35
2026-06-03 23:39:36 [INFO] ID: minecraft:waxed_oxidized_copper_grate, Count: 30
2026-06-03 23:39:36 [INFO] ID: minecraft:waxed_exposed_copper_trapdoor, Count: 2
2026-06-03 23:39:36 [INFO] ID: minecraft:chiseled_tuff, Count: 29
2026-06-03 23:39:36 [INFO] ID: minecraft:tnt, Count: 4
2026-06-03 23:39:36 [INFO] ID: create:andesite_casing, Count: 1
2026-06-03 23:39:36 [INFO] ID: minecraft:polished_tuff, Count: 31
2026-06-03 23:39:36 [INFO] ID: minecraft:waxed_oxidized_copper_trapdoor, Count: 4
2026-06-03 23:39:36 [INFO] ID: minecraft:dispenser, Count: 9
2026-06-03 23:39:36 [INFO] ID: minecraft:tuff_slab, Count: 3
2026-06-03 23:39:36 [INFO] ID: minecraft:waxed_oxidized_cut_copper, Count: 2
2026-06-03 23:39:36 [INFO] ID: minecraft:waxed_oxidized_chiseled_copper, Count: 1
2026-06-03 23:39:36 [INFO] ID: minecraft:tuff_stairs, Count: 2
2026-06-03 23:39:36 [INFO] ID: minecraft:waxed_exposed_copper_grate, Count: 48
2026-06-03 23:39:36 [INFO] ID: minecraft:magenta_glazed_terracotta, Count: 1
2026-06-03 23:39:36 [INFO] ID: minecraft:redstone_wire, Count: 41
2026-06-03 23:39:36 [INFO] ID: get_creative:breeze_whirler, Count: 1
2026-06-03 23:39:36 [INFO] ID: minecraft:comparator, Count: 4
2026-06-03 23:39:36 [INFO] ID: minecraft:target, Count: 4
2026-06-03 23:39:36 [INFO] ID: minecraft:waxed_copper_grate, Count: 160
2026-06-03 23:39:36 [INFO] ID: minecraft:waxed_copper_bulb, Count: 2
2026-06-03 23:39:36 [INFO] ID: minecraft:tuff_bricks, Count: 4
2026-06-03 23:39:36 [INFO] ID: minecraft:tuff_wall, Count: 16
2026-06-03 23:39:36 [INFO] ID: minecraft:oak_button, Count: 2
2026-06-03 23:39:36 [INFO] ID: create:mechanical_bearing, Count: 2
2026-06-03 23:39:36 [INFO] ID: minecraft:repeater, Count: 2
2026-06-03 23:39:36 [INFO] ID: minecraft:oxidized_cut_copper_slab, Count: 8
2026-06-03 23:39:36 [INFO] ID: create:encased_large_cogwheel, Count: 2
2026-06-03 23:39:36 [INFO] ID: minecraft:chiseled_tuff_bricks, Count: 22
2026-06-03 23:39:36 [INFO] ID: simulated:redstone_inductor, Count: 1
2026-06-03 23:39:36 [INFO] ID: yungscavebiomes:ice_sheet, Count: 36
2026-06-03 23:39:36 [INFO] ID: minecraft:waxed_cut_copper, Count: 4
2026-06-03 23:39:36 [INFO] ID: minecraft:tuff, Count: 19
2026-06-03 23:39:36 [INFO] ID: minecraft:redstone_wall_torch, Count: 4
2026-06-03 23:39:36 [INFO] ID: minecraft:magma_block, Count: 2
2026-06-03 23:39:36 [INFO] ID: minecraft:tuff_brick_slab, Count: 3
2026-06-03 23:39:36 [INFO] ID: minecraft:polished_tuff_stairs, Count: 4
2026-06-03 23:39:36 [INFO] ID: minecraft:tuff_brick_stairs, Count: 14
2026-06-03 23:39:36 [INFO] ID: minecraft:waxed_copper_trapdoor, Count: 4
2026-06-03 23:39:36 [INFO] ID: create:sequenced_gearshift, Count: 2
2026-06-03 23:39:36 [INFO] ID: minecraft:waxed_chiseled_copper, Count: 4
2026-06-03 23:39:36 [INFO] bibi~ scan success time consume：23 ms
2026-06-04 01:33:36 [INFO] CSC close completely, thanks for using!
2026-06-04 12:23:28 [INFO] CSC is loading...   Success！
2026-06-04 12:24:03 [INFO]    _____  _____  _____ 
2026-06-04 12:24:03 [INFO]   / ____|/ ____|/ ____|
2026-06-04 12:24:03 [INFO]  | |    | (___ | |        [CSC] Version: v1.21.26
2026-06-04 12:24:03 [INFO]  | |     \___ \| |        Minecraft Version: 1.21.1 neoforge
2026-06-04 12:24:03 [INFO]  | |____ ____) | |____    Problem/Feedback: Discord: https://discord.gg/rQV5JPauY7
2026-06-04 12:24:03 [INFO]   \_____|_____/ \_____|
2026-06-04 12:24:03 [INFO]                        
2026-06-05 14:31:40 [INFO] CSC is loading...   Success！
2026-06-05 14:32:15 [INFO]    _____  _____  _____ 
2026-06-05 14:32:15 [INFO]   / ____|/ ____|/ ____|
2026-06-05 14:32:15 [INFO]  | |    | (___ | |        [CSC] Version: v1.21.26
2026-06-05 14:32:15 [INFO]  | |     \___ \| |        Minecraft Version: 1.21.1 neoforge
2026-06-05 14:32:15 [INFO]  | |____ ____) | |____    Problem/Feedback: Discord: https://discord.gg/rQV5JPauY7
2026-06-05 14:32:15 [INFO]   \_____|_____/ \_____|
2026-06-05 14:32:15 [INFO]                        
2026-06-05 17:11:09 [INFO] CSC close completely, thanks for using!
2026-06-05 17:14:32 [INFO] CSC is loading...   Success！
2026-06-05 22:43:24 [INFO] CSC is loading...   Success！
2026-06-05 22:43:57 [INFO]    _____  _____  _____ 
2026-06-05 22:43:57 [INFO]   / ____|/ ____|/ ____|
2026-06-05 22:43:57 [INFO]  | |    | (___ | |        [CSC] Version: v1.21.26
2026-06-05 22:43:57 [INFO]  | |     \___ \| |        Minecraft Version: 1.21.1 neoforge
2026-06-05 22:43:57 [INFO]  | |____ ____) | |____    Problem/Feedback: Discord: https://discord.gg/rQV5JPauY7
2026-06-05 22:43:57 [INFO]   \_____|_____/ \_____|
2026-06-05 22:43:57 [INFO]                        
2026-06-05 23:59:33 [INFO] CSC close completely, thanks for using!
2026-06-06 00:06:59 [INFO] CSC is loading...   Success！
2026-06-06 00:20:46 [INFO]    _____  _____  _____ 
2026-06-06 00:20:46 [INFO]   / ____|/ ____|/ ____|
2026-06-06 00:20:46 [INFO]  | |    | (___ | |        [CSC] Version: v1.21.26
2026-06-06 00:20:46 [INFO]  | |     \___ \| |        Minecraft Version: 1.21.1 neoforge
2026-06-06 00:20:46 [INFO]  | |____ ____) | |____    Problem/Feedback: Discord: https://discord.gg/rQV5JPauY7
2026-06-06 00:20:46 [INFO]   \_____|_____/ \_____|
2026-06-06 00:20:46 [INFO]                        
2026-06-06 00:39:07 [INFO] CSC close completely, thanks for using!
2026-06-06 13:56:01 [INFO] CSC is loading...   Success！
2026-06-06 13:56:53 [INFO]    _____  _____  _____ 
2026-06-06 13:56:53 [INFO]   / ____|/ ____|/ ____|
2026-06-06 13:56:53 [INFO]  | |    | (___ | |        [CSC] Version: v1.21.26
2026-06-06 13:56:53 [INFO]  | |     \___ \| |        Minecraft Version: 1.21.1 neoforge
2026-06-06 13:56:53 [INFO]  | |____ ____) | |____    Problem/Feedback: Discord: https://discord.gg/rQV5JPauY7
2026-06-06 13:56:53 [INFO]   \_____|_____/ \_____|
2026-06-06 13:56:53 [INFO]                        
2026-06-06 13:59:03 [INFO] CSC close completely, thanks for using!
2026-06-06 14:00:07 [INFO] CSC is loading...   Success！
2026-06-06 14:01:04 [INFO]    _____  _____  _____ 
2026-06-06 14:01:04 [INFO]   / ____|/ ____|/ ____|
2026-06-06 14:01:04 [INFO]  | |    | (___ | |        [CSC] Version: v1.21.26
2026-06-06 14:01:04 [INFO]  | |     \___ \| |        Minecraft Version: 1.21.1 neoforge
2026-06-06 14:01:04 [INFO]  | |____ ____) | |____    Problem/Feedback: Discord: https://discord.gg/rQV5JPauY7
2026-06-06 14:01:04 [INFO]   \_____|_____/ \_____|
2026-06-06 14:01:04 [INFO]                        
2026-06-06 14:01:21 [INFO] CSC close completely, thanks for using!
2026-06-06 14:01:29 [INFO]    _____  _____  _____ 
2026-06-06 14:01:29 [INFO]   / ____|/ ____|/ ____|
2026-06-06 14:01:29 [INFO]  | |    | (___ | |        [CSC] Version: v1.21.26
2026-06-06 14:01:29 [INFO]  | |     \___ \| |        Minecraft Version: 1.21.1 neoforge
2026-06-06 14:01:29 [INFO]  | |____ ____) | |____    Problem/Feedback: Discord: https://discord.gg/rQV5JPauY7
2026-06-06 14:01:29 [INFO]   \_____|_____/ \_____|
2026-06-06 14:01:29 [INFO]                        
2026-06-06 14:02:22 [INFO] CSC close completely, thanks for using!
2026-06-06 14:06:21 [INFO] CSC is loading...   Success！
2026-06-06 14:09:16 [INFO]    _____  _____  _____ 
2026-06-06 14:09:16 [INFO]   / ____|/ ____|/ ____|
2026-06-06 14:09:16 [INFO]  | |    | (___ | |        [CSC] Version: v1.21.26
2026-06-06 14:09:16 [INFO]  | |     \___ \| |        Minecraft Version: 1.21.1 neoforge
2026-06-06 14:09:16 [INFO]  | |____ ____) | |____    Problem/Feedback: Discord: https://discord.gg/rQV5JPauY7
2026-06-06 14:09:16 [INFO]   \_____|_____/ \_____|
2026-06-06 14:09:16 [INFO]                        
2026-06-06 14:10:02 [INFO] CSC close completely, thanks for using!
2026-06-06 14:10:10 [INFO]    _____  _____  _____ 
2026-06-06 14:10:10 [INFO]   / ____|/ ____|/ ____|
2026-06-06 14:10:10 [INFO]  | |    | (___ | |        [CSC] Version: v1.21.26
2026-06-06 14:10:10 [INFO]  | |     \___ \| |        Minecraft Version: 1.21.1 neoforge
2026-06-06 14:10:10 [INFO]  | |____ ____) | |____    Problem/Feedback: Discord: https://discord.gg/rQV5JPauY7
2026-06-06 14:10:10 [INFO]   \_____|_____/ \_____|
2026-06-06 14:10:10 [INFO]                        
2026-06-06 14:12:40 [INFO] CSC close completely, thanks for using!
2026-06-06 14:17:11 [INFO]    _____  _____  _____ 
2026-06-06 14:17:11 [INFO]   / ____|/ ____|/ ____|
2026-06-06 14:17:11 [INFO]  | |    | (___ | |        [CSC] Version: v1.21.26
2026-06-06 14:17:11 [INFO]  | |     \___ \| |        Minecraft Version: 1.21.1 neoforge
2026-06-06 14:17:11 [INFO]  | |____ ____) | |____    Problem/Feedback: Discord: https://discord.gg/rQV5JPauY7
2026-06-06 14:17:11 [INFO]   \_____|_____/ \_____|
2026-06-06 14:17:11 [INFO]                        
2026-06-06 14:22:29 [INFO] CSC is loading...   Success！
2026-06-06 14:24:42 [INFO]    _____  _____  _____ 
2026-06-06 14:24:42 [INFO]   / ____|/ ____|/ ____|
2026-06-06 14:24:42 [INFO]  | |    | (___ | |        [CSC] Version: v1.21.26
2026-06-06 14:24:42 [INFO]  | |     \___ \| |        Minecraft Version: 1.21.1 neoforge
2026-06-06 14:24:42 [INFO]  | |____ ____) | |____    Problem/Feedback: Discord: https://discord.gg/rQV5JPauY7
2026-06-06 14:24:42 [INFO]   \_____|_____/ \_____|
2026-06-06 14:24:42 [INFO]                        
2026-06-06 14:26:14 [INFO] CSC close completely, thanks for using!
2026-06-06 21:14:05 [INFO] CSC is loading...   Success！
2026-06-06 21:15:04 [INFO]    _____  _____  _____ 
2026-06-06 21:15:04 [INFO]   / ____|/ ____|/ ____|
2026-06-06 21:15:04 [INFO]  | |    | (___ | |        [CSC] Version: v1.21.26
2026-06-06 21:15:04 [INFO]  | |     \___ \| |        Minecraft Version: 1.21.1 neoforge
2026-06-06 21:15:04 [INFO]  | |____ ____) | |____    Problem/Feedback: Discord: https://discord.gg/rQV5JPauY7
2026-06-06 21:15:04 [INFO]   \_____|_____/ \_____|
2026-06-06 21:15:04 [INFO]                        
2026-06-06 21:18:16 [INFO] CSC is loading...   Success！
2026-06-06 21:18:51 [INFO]    _____  _____  _____ 
2026-06-06 21:18:51 [INFO]   / ____|/ ____|/ ____|
2026-06-06 21:18:51 [INFO]  | |    | (___ | |        [CSC] Version: v1.21.26
2026-06-06 21:18:51 [INFO]  | |     \___ \| |        Minecraft Version: 1.21.1 neoforge
2026-06-06 21:18:51 [INFO]  | |____ ____) | |____    Problem/Feedback: Discord: https://discord.gg/rQV5JPauY7
2026-06-06 21:18:51 [INFO]   \_____|_____/ \_____|
2026-06-06 21:18:51 [INFO]                        
2026-06-06 21:22:03 [INFO] CSC close completely, thanks for using!
2026-06-06 21:25:49 [INFO] CSC is loading...   Success！
2026-06-06 21:26:35 [INFO]    _____  _____  _____ 
2026-06-06 21:26:35 [INFO]   / ____|/ ____|/ ____|
2026-06-06 21:26:35 [INFO]  | |    | (___ | |        [CSC] Version: v1.21.26
2026-06-06 21:26:35 [INFO]  | |     \___ \| |        Minecraft Version: 1.21.1 neoforge
2026-06-06 21:26:35 [INFO]  | |____ ____) | |____    Problem/Feedback: Discord: https://discord.gg/rQV5JPauY7
2026-06-06 21:26:35 [INFO]   \_____|_____/ \_____|
2026-06-06 21:26:35 [INFO]                        
2026-06-06 21:44:15 [INFO] CSC is loading...   Success！
2026-06-06 21:46:57 [INFO]    _____  _____  _____ 
2026-06-06 21:46:57 [INFO]   / ____|/ ____|/ ____|
2026-06-06 21:46:57 [INFO]  | |    | (___ | |        [CSC] Version: v1.21.26
2026-06-06 21:46:57 [INFO]  | |     \___ \| |        Minecraft Version: 1.21.1 neoforge
2026-06-06 21:46:57 [INFO]  | |____ ____) | |____    Problem/Feedback: Discord: https://discord.gg/rQV5JPauY7
2026-06-06 21:46:57 [INFO]   \_____|_____/ \_____|
2026-06-06 21:46:57 [INFO]                        
2026-06-06 22:00:56 [INFO] CSC is loading...   Success！
2026-06-06 22:02:09 [INFO]    _____  _____  _____ 
2026-06-06 22:02:09 [INFO]   / ____|/ ____|/ ____|
2026-06-06 22:02:09 [INFO]  | |    | (___ | |        [CSC] Version: v1.21.26
2026-06-06 22:02:09 [INFO]  | |     \___ \| |        Minecraft Version: 1.21.1 neoforge
2026-06-06 22:02:09 [INFO]  | |____ ____) | |____    Problem/Feedback: Discord: https://discord.gg/rQV5JPauY7
2026-06-06 22:02:09 [INFO]   \_____|_____/ \_____|
2026-06-06 22:02:09 [INFO]                        
2026-06-07 00:05:08 [INFO] CSC is loading...   Success！
2026-06-07 00:05:59 [INFO]    _____  _____  _____ 
2026-06-07 00:05:59 [INFO]   / ____|/ ____|/ ____|
2026-06-07 00:05:59 [INFO]  | |    | (___ | |        [CSC] Version: v1.21.26
2026-06-07 00:05:59 [INFO]  | |     \___ \| |        Minecraft Version: 1.21.1 neoforge
2026-06-07 00:05:59 [INFO]  | |____ ____) | |____    Problem/Feedback: Discord: https://discord.gg/rQV5JPauY7
2026-06-07 00:05:59 [INFO]   \_____|_____/ \_____|
2026-06-07 00:05:59 [INFO]                        
2026-06-07 00:28:35 [INFO] CSC is loading...   Success！
2026-06-07 00:29:10 [INFO]    _____  _____  _____ 
2026-06-07 00:29:10 [INFO]   / ____|/ ____|/ ____|
2026-06-07 00:29:10 [INFO]  | |    | (___ | |        [CSC] Version: v1.21.26
2026-06-07 00:29:10 [INFO]  | |     \___ \| |        Minecraft Version: 1.21.1 neoforge
2026-06-07 00:29:10 [INFO]  | |____ ____) | |____    Problem/Feedback: Discord: https://discord.gg/rQV5JPauY7
2026-06-07 00:29:10 [INFO]   \_____|_____/ \_____|
2026-06-07 00:29:10 [INFO]                        
2026-06-07 02:13:24 [INFO] CSC close completely, thanks for using!
2026-06-07 14:09:40 [INFO] CSC is loading...   Success！
2026-06-07 14:10:31 [INFO]    _____  _____  _____ 
2026-06-07 14:10:31 [INFO]   / ____|/ ____|/ ____|
2026-06-07 14:10:31 [INFO]  | |    | (___ | |        [CSC] Version: v1.21.26
2026-06-07 14:10:31 [INFO]  | |     \___ \| |        Minecraft Version: 1.21.1 neoforge
2026-06-07 14:10:31 [INFO]  | |____ ____) | |____    Problem/Feedback: Discord: https://discord.gg/rQV5JPauY7
2026-06-07 14:10:31 [INFO]   \_____|_____/ \_____|
2026-06-07 14:10:31 [INFO]                        
2026-06-07 14:48:26 [INFO] CSC close completely, thanks for using!
2026-06-07 14:48:44 [INFO]    _____  _____  _____ 
2026-06-07 14:48:44 [INFO]   / ____|/ ____|/ ____|
2026-06-07 14:48:44 [INFO]  | |    | (___ | |        [CSC] Version: v1.21.26
2026-06-07 14:48:44 [INFO]  | |     \___ \| |        Minecraft Version: 1.21.1 neoforge
2026-06-07 14:48:44 [INFO]  | |____ ____) | |____    Problem/Feedback: Discord: https://discord.gg/rQV5JPauY7
2026-06-07 14:48:44 [INFO]   \_____|_____/ \_____|
2026-06-07 14:48:44 [INFO]                        
2026-06-07 14:48:47 [INFO] CSC close completely, thanks for using!
2026-06-07 14:50:57 [INFO] CSC is loading...   Success！
2026-06-07 14:52:35 [INFO]    _____  _____  _____ 
2026-06-07 14:52:35 [INFO]   / ____|/ ____|/ ____|
2026-06-07 14:52:35 [INFO]  | |    | (___ | |        [CSC] Version: v1.21.26
2026-06-07 14:52:35 [INFO]  | |     \___ \| |        Minecraft Version: 1.21.1 neoforge
2026-06-07 14:52:35 [INFO]  | |____ ____) | |____    Problem/Feedback: Discord: https://discord.gg/rQV5JPauY7
2026-06-07 14:52:35 [INFO]   \_____|_____/ \_____|
2026-06-07 14:52:35 [INFO]                        
2026-06-07 17:08:28 [INFO] CSC close completely, thanks for using!
2026-06-07 18:36:27 [INFO] CSC is loading...   Success！
2026-06-07 18:37:21 [INFO]    _____  _____  _____ 
2026-06-07 18:37:21 [INFO]   / ____|/ ____|/ ____|
2026-06-07 18:37:21 [INFO]  | |    | (___ | |        [CSC] Version: v1.21.26
2026-06-07 18:37:21 [INFO]  | |     \___ \| |        Minecraft Version: 1.21.1 neoforge
2026-06-07 18:37:21 [INFO]  | |____ ____) | |____    Problem/Feedback: Discord: https://discord.gg/rQV5JPauY7
2026-06-07 18:37:21 [INFO]   \_____|_____/ \_____|
2026-06-07 18:37:21 [INFO]                        
2026-06-07 19:47:14 [INFO] CSC close completely, thanks for using!
2026-06-07 20:15:11 [INFO] CSC is loading...   Success！
2026-06-07 20:22:21 [INFO]    _____  _____  _____ 
2026-06-07 20:22:21 [INFO]   / ____|/ ____|/ ____|
2026-06-07 20:22:21 [INFO]  | |    | (___ | |        [CSC] Version: v1.21.26
2026-06-07 20:22:21 [INFO]  | |     \___ \| |        Minecraft Version: 1.21.1 neoforge
2026-06-07 20:22:21 [INFO]  | |____ ____) | |____    Problem/Feedback: Discord: https://discord.gg/rQV5JPauY7
2026-06-07 20:22:21 [INFO]   \_____|_____/ \_____|
2026-06-07 20:22:21 [INFO]                        
2026-06-08 10:00:42 [INFO] CSC is loading...   Success！
2026-06-08 10:07:33 [INFO]    _____  _____  _____ 
2026-06-08 10:07:33 [INFO]   / ____|/ ____|/ ____|
2026-06-08 10:07:33 [INFO]  | |    | (___ | |        [CSC] Version: v1.21.26
2026-06-08 10:07:33 [INFO]  | |     \___ \| |        Minecraft Version: 1.21.1 neoforge
2026-06-08 10:07:33 [INFO]  | |____ ____) | |____    Problem/Feedback: Discord: https://discord.gg/rQV5JPauY7
2026-06-08 10:07:33 [INFO]   \_____|_____/ \_____|
2026-06-08 10:07:33 [INFO]                        
2026-06-08 11:03:22 [INFO] CSC is loading...   Success！
2026-06-08 11:09:28 [INFO]    _____  _____  _____ 
2026-06-08 11:09:28 [INFO]   / ____|/ ____|/ ____|
2026-06-08 11:09:28 [INFO]  | |    | (___ | |        [CSC] Version: v1.21.26
2026-06-08 11:09:28 [INFO]  | |     \___ \| |        Minecraft Version: 1.21.1 neoforge
2026-06-08 11:09:28 [INFO]  | |____ ____) | |____    Problem/Feedback: Discord: https://discord.gg/rQV5JPauY7
2026-06-08 11:09:28 [INFO]   \_____|_____/ \_____|
2026-06-08 11:09:28 [INFO]                        
2026-06-08 11:23:52 [INFO] CSC is loading...   Success！
2026-06-08 11:24:35 [INFO]    _____  _____  _____ 
2026-06-08 11:24:35 [INFO]   / ____|/ ____|/ ____|
2026-06-08 11:24:35 [INFO]  | |    | (___ | |        [CSC] Version: v1.21.26
2026-06-08 11:24:35 [INFO]  | |     \___ \| |        Minecraft Version: 1.21.1 neoforge
2026-06-08 11:24:35 [INFO]  | |____ ____) | |____    Problem/Feedback: Discord: https://discord.gg/rQV5JPauY7
2026-06-08 11:24:35 [INFO]   \_____|_____/ \_____|
2026-06-08 11:24:35 [INFO]                        
2026-06-08 11:39:50 [INFO] CSC is loading...   Success！
2026-06-08 11:41:03 [INFO]    _____  _____  _____ 
2026-06-08 11:41:03 [INFO]   / ____|/ ____|/ ____|
2026-06-08 11:41:03 [INFO]  | |    | (___ | |        [CSC] Version: v1.21.26
2026-06-08 11:41:03 [INFO]  | |     \___ \| |        Minecraft Version: 1.21.1 neoforge
2026-06-08 11:41:03 [INFO]  | |____ ____) | |____    Problem/Feedback: Discord: https://discord.gg/rQV5JPauY7
2026-06-08 11:41:03 [INFO]   \_____|_____/ \_____|
2026-06-08 11:41:03 [INFO]                        
2026-06-08 11:47:36 [INFO] CSC close completely, thanks for using!
2026-06-08 11:49:59 [INFO] CSC is loading...   Success！
2026-06-08 11:51:01 [INFO]    _____  _____  _____ 
2026-06-08 11:51:01 [INFO]   / ____|/ ____|/ ____|
2026-06-08 11:51:01 [INFO]  | |    | (___ | |        [CSC] Version: v1.21.26
2026-06-08 11:51:01 [INFO]  | |     \___ \| |        Minecraft Version: 1.21.1 neoforge
2026-06-08 11:51:01 [INFO]  | |____ ____) | |____    Problem/Feedback: Discord: https://discord.gg/rQV5JPauY7
2026-06-08 11:51:01 [INFO]   \_____|_____/ \_____|
2026-06-08 11:51:01 [INFO]                        
2026-06-08 11:56:59 [INFO] thread run！goal =》./schematics/uploaded/CardboardBoxMan/spring_tower.nbt
2026-06-08 11:56:59 [INFO] Meow, output schematic item list!
2026-06-08 11:56:59 [INFO] ID: minecraft:oxidized_cut_copper, Count: 76
2026-06-08 11:56:59 [INFO] ID: minecraft:oak_log, Count: 88
2026-06-08 11:56:59 [INFO] ID: minecraft:dark_oak_stairs, Count: 148
2026-06-08 11:56:59 [INFO] ID: minecraft:jigsaw, Count: 7
2026-06-08 11:56:59 [INFO] ID: minecraft:andesite_wall, Count: 91
2026-06-08 11:56:59 [INFO] ID: minecraft:cobbled_deepslate, Count: 83
2026-06-08 11:56:59 [INFO] ID: minecraft:purple_carpet, Count: 140
2026-06-08 11:57:00 [INFO] ID: minecraft:grass_block, Count: 249
2026-06-08 11:57:00 [INFO] ID: minecraft:pearlescent_froglight, Count: 5
2026-06-08 11:57:00 [INFO] ID: minecraft:magenta_stained_glass, Count: 63
2026-06-08 11:57:00 [INFO] ID: minecraft:water, Count: 86
2026-06-08 11:57:00 [INFO] ID: minecraft:potted_flowering_azalea_bush, Count: 1
2026-06-08 11:57:00 [INFO] ID: minecraft:air, Count: 25388
2026-06-08 11:57:00 [INFO] ID: minecraft:torch, Count: 2
2026-06-08 11:57:00 [INFO] ID: minecraft:polished_andesite, Count: 337
2026-06-08 11:57:00 [INFO] ID: minecraft:dark_oak_slab, Count: 39
2026-06-08 11:57:00 [INFO] ID: minecraft:andesite_stairs, Count: 64
2026-06-08 11:57:00 [INFO] ID: minecraft:small_dripleaf, Count: 2
2026-06-08 11:57:00 [INFO] ID: minecraft:stone_bricks, Count: 443
2026-06-08 11:57:00 [INFO] ID: minecraft:deepslate_tiles, Count: 28
2026-06-08 11:57:00 [INFO] ID: minecraft:cracked_stone_bricks, Count: 41
2026-06-08 11:57:00 [INFO] ID: minecraft:spruce_door, Count: 2
2026-06-08 11:57:00 [INFO] ID: minecraft:spruce_fence, Count: 3
2026-06-08 11:57:00 [INFO] ID: minecraft:stone_brick_slab, Count: 4
2026-06-08 11:57:00 [INFO] ID: minecraft:lantern, Count: 24
2026-06-08 11:57:00 [INFO] ID: minecraft:bookshelf, Count: 5
2026-06-08 11:57:00 [INFO] ID: minecraft:cobblestone, Count: 49
2026-06-08 11:57:00 [INFO] ID: minecraft:tuff, Count: 270
2026-06-08 11:57:00 [INFO] ID: minecraft:bubble_column, Count: 7
2026-06-08 11:57:00 [INFO] ID: minecraft:cave_vines, Count: 6
2026-06-08 11:57:00 [INFO] ID: minecraft:stone, Count: 60
2026-06-08 11:57:00 [INFO] ID: minecraft:ladder, Count: 14
2026-06-08 11:57:00 [INFO] ID: minecraft:stripped_spruce_log, Count: 86
2026-06-08 11:57:00 [INFO] ID: minecraft:basalt, Count: 13
2026-06-08 11:57:00 [INFO] ID: minecraft:chain, Count: 63
2026-06-08 11:57:00 [INFO] ID: minecraft:amethyst_block, Count: 204
2026-06-08 11:57:00 [INFO] ID: minecraft:short_grass, Count: 29
2026-06-08 11:57:00 [INFO] ID: minecraft:wall_torch, Count: 16
2026-06-08 11:57:00 [INFO] ID: minecraft:deepslate_brick_stairs, Count: 37
2026-06-08 11:57:00 [INFO] ID: minecraft:polished_andesite_stairs, Count: 32
2026-06-08 11:57:00 [INFO] ID: minecraft:oak_trapdoor, Count: 2
2026-06-08 11:57:00 [INFO] ID: minecraft:cracked_deepslate_bricks, Count: 44
2026-06-08 11:57:00 [INFO] ID: minecraft:waxed_weathered_cut_copper, Count: 27
2026-06-08 11:57:00 [INFO] ID: minecraft:beehive, Count: 5
2026-06-08 11:57:00 [INFO] ID: minecraft:cherry_planks, Count: 251
2026-06-08 11:57:00 [INFO] ID: minecraft:scaffolding, Count: 16
2026-06-08 11:57:00 [INFO] ID: minecraft:cherry_leaves, Count: 388
2026-06-08 11:57:00 [INFO] ID: minecraft:dirt, Count: 751
2026-06-08 11:57:00 [INFO] ID: minecraft:stripped_dark_oak_log, Count: 60
2026-06-08 11:57:00 [INFO] ID: minecraft:purple_candle, Count: 1
2026-06-08 11:57:00 [INFO] ID: minecraft:spruce_stairs, Count: 46
2026-06-08 11:57:00 [INFO] ID: minecraft:soul_sand, Count: 1
2026-06-08 11:57:00 [INFO] ID: minecraft:vine, Count: 193
2026-06-08 11:57:00 [INFO] ID: minecraft:dark_oak_trapdoor, Count: 51
2026-06-08 11:57:00 [INFO] ID: minecraft:cherry_stairs, Count: 166
2026-06-08 11:57:00 [INFO] ID: minecraft:spruce_slab, Count: 40
2026-06-08 11:57:00 [INFO] ID: minecraft:pink_petals, Count: 95
2026-06-08 11:57:00 [INFO] ID: minecraft:cherry_fence, Count: 11
2026-06-08 11:57:00 [INFO] ID: minecraft:tuff_bricks, Count: 211
2026-06-08 11:57:00 [INFO] ID: minecraft:stone_brick_wall, Count: 4
2026-06-08 11:57:00 [INFO] ID: minecraft:cherry_slab, Count: 24
2026-06-08 11:57:00 [INFO] ID: minecraft:obsidian, Count: 15
2026-06-08 11:57:00 [INFO] ID: minecraft:medium_amethyst_bud, Count: 30
2026-06-08 11:57:00 [INFO] ID: minecraft:peony, Count: 10
2026-06-08 11:57:00 [INFO] ID: minecraft:amethyst_cluster, Count: 43
2026-06-08 11:57:00 [INFO] ID: minecraft:lectern, Count: 1
2026-06-08 11:57:00 [INFO] ID: minecraft:sea_lantern, Count: 6
2026-06-08 11:57:00 [INFO] ID: minecraft:pink_stained_glass, Count: 87
2026-06-08 11:57:00 [INFO] ID: minecraft:spruce_planks, Count: 294
2026-06-08 11:57:00 [INFO] ID: minecraft:lilac, Count: 8
2026-06-08 11:57:00 [INFO] ID: minecraft:cobbled_deepslate_stairs, Count: 5
2026-06-08 11:57:00 [INFO] ID: minecraft:andesite, Count: 418
2026-06-08 11:57:00 [INFO] ID: minecraft:deepslate, Count: 101
2026-06-08 11:57:00 [INFO] ID: minecraft:dark_oak_planks, Count: 252
2026-06-08 11:57:00 [INFO] ID: minecraft:pitcher_plant, Count: 22
2026-06-08 11:57:00 [INFO] ID: minecraft:tall_grass, Count: 26
2026-06-08 11:57:00 [INFO] ID: minecraft:purple_stained_glass, Count: 121
2026-06-08 11:57:00 [INFO] ID: minecraft:stone_brick_stairs, Count: 48
2026-06-08 11:57:00 [INFO] ID: minecraft:deepslate_tile_slab, Count: 36
2026-06-08 11:57:00 [INFO] ID: minecraft:small_amethyst_bud, Count: 1
2026-06-08 11:57:00 [INFO] ID: minecraft:clay, Count: 18
2026-06-08 11:57:00 [INFO] ID: minecraft:spore_blossom, Count: 14
2026-06-08 11:57:00 [INFO] ID: minecraft:chest, Count: 4
2026-06-08 11:57:00 [INFO] ID: minecraft:smooth_basalt, Count: 331
2026-06-08 11:57:00 [INFO] ID: minecraft:spruce_trapdoor, Count: 58
2026-06-08 11:57:00 [INFO] ID: minecraft:cave_vines_plant, Count: 35
2026-06-08 11:57:00 [INFO] ID: minecraft:deepslate_bricks, Count: 260
2026-06-08 11:57:00 [INFO] bibi~ scan success time consume：622 ms
2026-06-08 12:18:44 [INFO] CSC is loading...   Success！
2026-06-08 12:19:31 [INFO]    _____  _____  _____ 
2026-06-08 12:19:31 [INFO]   / ____|/ ____|/ ____|
2026-06-08 12:19:31 [INFO]  | |    | (___ | |        [CSC] Version: v1.21.26
2026-06-08 12:19:31 [INFO]  | |     \___ \| |        Minecraft Version: 1.21.1 neoforge
2026-06-08 12:19:31 [INFO]  | |____ ____) | |____    Problem/Feedback: Discord: https://discord.gg/rQV5JPauY7
2026-06-08 12:19:31 [INFO]   \_____|_____/ \_____|
2026-06-08 12:19:31 [INFO]                        
2026-06-08 13:10:02 [INFO] CSC is loading...   Success！
2026-06-08 13:10:47 [INFO]    _____  _____  _____ 
2026-06-08 13:10:47 [INFO]   / ____|/ ____|/ ____|
2026-06-08 13:10:47 [INFO]  | |    | (___ | |        [CSC] Version: v1.21.26
2026-06-08 13:10:47 [INFO]  | |     \___ \| |        Minecraft Version: 1.21.1 neoforge
2026-06-08 13:10:47 [INFO]  | |____ ____) | |____    Problem/Feedback: Discord: https://discord.gg/rQV5JPauY7
2026-06-08 13:10:47 [INFO]   \_____|_____/ \_____|
2026-06-08 13:10:47 [INFO]                        
2026-06-08 13:17:55 [INFO] CSC is loading...   Success！
2026-06-08 13:18:57 [INFO]    _____  _____  _____ 
2026-06-08 13:18:57 [INFO]   / ____|/ ____|/ ____|
2026-06-08 13:18:57 [INFO]  | |    | (___ | |        [CSC] Version: v1.21.26
2026-06-08 13:18:57 [INFO]  | |     \___ \| |        Minecraft Version: 1.21.1 neoforge
2026-06-08 13:18:57 [INFO]  | |____ ____) | |____    Problem/Feedback: Discord: https://discord.gg/rQV5JPauY7
2026-06-08 13:18:57 [INFO]   \_____|_____/ \_____|
2026-06-08 13:18:57 [INFO]                        
2026-06-08 13:27:00 [INFO] CSC is loading...   Success！
2026-06-08 13:28:00 [INFO]    _____  _____  _____ 
2026-06-08 13:28:00 [INFO]   / ____|/ ____|/ ____|
2026-06-08 13:28:00 [INFO]  | |    | (___ | |        [CSC] Version: v1.21.26
2026-06-08 13:28:00 [INFO]  | |     \___ \| |        Minecraft Version: 1.21.1 neoforge
2026-06-08 13:28:00 [INFO]  | |____ ____) | |____    Problem/Feedback: Discord: https://discord.gg/rQV5JPauY7
2026-06-08 13:28:00 [INFO]   \_____|_____/ \_____|
2026-06-08 13:28:00 [INFO]                        
2026-06-08 14:31:43 [INFO] CSC is loading...   Success！
2026-06-08 14:32:32 [INFO]    _____  _____  _____ 
2026-06-08 14:32:32 [INFO]   / ____|/ ____|/ ____|
2026-06-08 14:32:32 [INFO]  | |    | (___ | |        [CSC] Version: v1.21.26
2026-06-08 14:32:32 [INFO]  | |     \___ \| |        Minecraft Version: 1.21.1 neoforge
2026-06-08 14:32:32 [INFO]  | |____ ____) | |____    Problem/Feedback: Discord: https://discord.gg/rQV5JPauY7
2026-06-08 14:32:32 [INFO]   \_____|_____/ \_____|
2026-06-08 14:32:32 [INFO]                        
2026-06-08 14:47:43 [INFO] CSC is loading...   Success！
2026-06-08 15:01:15 [INFO] CSC is loading...   Success！
2026-06-08 15:06:44 [INFO] CSC is loading...   Success！
2026-06-08 15:07:38 [INFO]    _____  _____  _____ 
2026-06-08 15:07:38 [INFO]   / ____|/ ____|/ ____|
2026-06-08 15:07:38 [INFO]  | |    | (___ | |        [CSC] Version: v1.21.26
2026-06-08 15:07:38 [INFO]  | |     \___ \| |        Minecraft Version: 1.21.1 neoforge
2026-06-08 15:07:38 [INFO]  | |____ ____) | |____    Problem/Feedback: Discord: https://discord.gg/rQV5JPauY7
2026-06-08 15:07:38 [INFO]   \_____|_____/ \_____|
2026-06-08 15:07:38 [INFO]                        
2026-06-08 15:34:01 [INFO] CSC is loading...   Success！
2026-06-08 15:34:59 [INFO]    _____  _____  _____ 
2026-06-08 15:34:59 [INFO]   / ____|/ ____|/ ____|
2026-06-08 15:34:59 [INFO]  | |    | (___ | |        [CSC] Version: v1.21.26
2026-06-08 15:34:59 [INFO]  | |     \___ \| |        Minecraft Version: 1.21.1 neoforge
2026-06-08 15:34:59 [INFO]  | |____ ____) | |____    Problem/Feedback: Discord: https://discord.gg/rQV5JPauY7
2026-06-08 15:34:59 [INFO]   \_____|_____/ \_____|
2026-06-08 15:34:59 [INFO]                        
2026-06-08 15:39:39 [INFO] CSC close completely, thanks for using!
2026-06-08 15:50:56 [INFO] CSC is loading...   Success！
2026-06-08 15:52:46 [INFO]    _____  _____  _____ 
2026-06-08 15:52:46 [INFO]   / ____|/ ____|/ ____|
2026-06-08 15:52:46 [INFO]  | |    | (___ | |        [CSC] Version: v1.21.26
2026-06-08 15:52:46 [INFO]  | |     \___ \| |        Minecraft Version: 1.21.1 neoforge
2026-06-08 15:52:46 [INFO]  | |____ ____) | |____    Problem/Feedback: Discord: https://discord.gg/rQV5JPauY7
2026-06-08 15:52:46 [INFO]   \_____|_____/ \_____|
2026-06-08 15:52:46 [INFO]                        
2026-06-08 16:23:24 [INFO] CSC is loading...   Success！
2026-06-08 16:24:39 [INFO]    _____  _____  _____ 
2026-06-08 16:24:39 [INFO]   / ____|/ ____|/ ____|
2026-06-08 16:24:39 [INFO]  | |    | (___ | |        [CSC] Version: v1.21.26
2026-06-08 16:24:39 [INFO]  | |     \___ \| |        Minecraft Version: 1.21.1 neoforge
2026-06-08 16:24:39 [INFO]  | |____ ____) | |____    Problem/Feedback: Discord: https://discord.gg/rQV5JPauY7
2026-06-08 16:24:39 [INFO]   \_____|_____/ \_____|
2026-06-08 16:24:39 [INFO]                        
2026-06-08 23:10:47 [INFO] CSC is loading...   Success！
2026-06-08 23:16:29 [INFO]    _____  _____  _____ 
2026-06-08 23:16:29 [INFO]   / ____|/ ____|/ ____|
2026-06-08 23:16:29 [INFO]  | |    | (___ | |        [CSC] Version: v1.21.26
2026-06-08 23:16:29 [INFO]  | |     \___ \| |        Minecraft Version: 1.21.1 neoforge
2026-06-08 23:16:29 [INFO]  | |____ ____) | |____    Problem/Feedback: Discord: https://discord.gg/rQV5JPauY7
2026-06-08 23:16:29 [INFO]   \_____|_____/ \_____|
2026-06-08 23:16:29 [INFO]                        
2026-06-09 16:44:29 [INFO] CSC is loading...   Success！
2026-06-09 16:45:07 [INFO]    _____  _____  _____ 
2026-06-09 16:45:07 [INFO]   / ____|/ ____|/ ____|
2026-06-09 16:45:07 [INFO]  | |    | (___ | |        [CSC] Version: v1.21.26
2026-06-09 16:45:07 [INFO]  | |     \___ \| |        Minecraft Version: 1.21.1 neoforge
2026-06-09 16:45:07 [INFO]  | |____ ____) | |____    Problem/Feedback: Discord: https://discord.gg/rQV5JPauY7
2026-06-09 16:45:07 [INFO]   \_____|_____/ \_____|
2026-06-09 16:45:07 [INFO]                        
2026-06-09 16:45:14 [INFO] CSC close completely, thanks for using!
2026-06-09 16:46:55 [INFO] CSC is loading...   Success！
2026-06-09 16:47:58 [INFO]    _____  _____  _____ 
2026-06-09 16:47:58 [INFO]   / ____|/ ____|/ ____|
2026-06-09 16:47:58 [INFO]  | |    | (___ | |        [CSC] Version: v1.21.26
2026-06-09 16:47:58 [INFO]  | |     \___ \| |        Minecraft Version: 1.21.1 neoforge
2026-06-09 16:47:58 [INFO]  | |____ ____) | |____    Problem/Feedback: Discord: https://discord.gg/rQV5JPauY7
2026-06-09 16:47:58 [INFO]   \_____|_____/ \_____|
2026-06-09 16:47:58 [INFO]                        
2026-06-09 16:48:01 [INFO] CSC close completely, thanks for using!
2026-06-09 16:48:47 [INFO] CSC is loading...   Success！
2026-06-09 16:49:20 [INFO]    _____  _____  _____ 
2026-06-09 16:49:20 [INFO]   / ____|/ ____|/ ____|
2026-06-09 16:49:20 [INFO]  | |    | (___ | |        [CSC] Version: v1.21.26
2026-06-09 16:49:20 [INFO]  | |     \___ \| |        Minecraft Version: 1.21.1 neoforge
2026-06-09 16:49:20 [INFO]  | |____ ____) | |____    Problem/Feedback: Discord: https://discord.gg/rQV5JPauY7
2026-06-09 16:49:20 [INFO]   \_____|_____/ \_____|
2026-06-09 16:49:20 [INFO]                        
2026-06-09 16:49:25 [INFO] CSC close completely, thanks for using!
2026-06-09 16:52:44 [INFO] CSC is loading...   Success！
2026-06-09 16:54:16 [INFO]    _____  _____  _____ 
2026-06-09 16:54:16 [INFO]   / ____|/ ____|/ ____|
2026-06-09 16:54:16 [INFO]  | |    | (___ | |        [CSC] Version: v1.21.26
2026-06-09 16:54:16 [INFO]  | |     \___ \| |        Minecraft Version: 1.21.1 neoforge
2026-06-09 16:54:16 [INFO]  | |____ ____) | |____    Problem/Feedback: Discord: https://discord.gg/rQV5JPauY7
2026-06-09 16:54:16 [INFO]   \_____|_____/ \_____|
2026-06-09 16:54:16 [INFO]                        
2026-06-09 16:55:41 [INFO] CSC close completely, thanks for using!
2026-06-09 17:01:56 [INFO] CSC is loading...   Success！
2026-06-09 17:11:08 [INFO] CSC is loading...   Success！
2026-06-09 17:17:48 [INFO]    _____  _____  _____ 
2026-06-09 17:17:48 [INFO]   / ____|/ ____|/ ____|
2026-06-09 17:17:48 [INFO]  | |    | (___ | |        [CSC] Version: v1.21.26
2026-06-09 17:17:48 [INFO]  | |     \___ \| |        Minecraft Version: 1.21.1 neoforge
2026-06-09 17:17:48 [INFO]  | |____ ____) | |____    Problem/Feedback: Discord: https://discord.gg/rQV5JPauY7
2026-06-09 17:17:48 [INFO]   \_____|_____/ \_____|
2026-06-09 17:17:48 [INFO]                        
2026-06-09 17:31:48 [INFO] CSC is loading...   Success！
2026-06-09 17:33:39 [INFO]    _____  _____  _____ 
2026-06-09 17:33:39 [INFO]   / ____|/ ____|/ ____|
2026-06-09 17:33:39 [INFO]  | |    | (___ | |        [CSC] Version: v1.21.26
2026-06-09 17:33:39 [INFO]  | |     \___ \| |        Minecraft Version: 1.21.1 neoforge
2026-06-09 17:33:39 [INFO]  | |____ ____) | |____    Problem/Feedback: Discord: https://discord.gg/rQV5JPauY7
2026-06-09 17:33:39 [INFO]   \_____|_____/ \_____|
2026-06-09 17:33:39 [INFO]                        
2026-06-09 19:43:41 [INFO] CSC is loading...   Success！
2026-06-09 19:45:09 [INFO]    _____  _____  _____ 
2026-06-09 19:45:09 [INFO]   / ____|/ ____|/ ____|
2026-06-09 19:45:09 [INFO]  | |    | (___ | |        [CSC] Version: v1.21.26
2026-06-09 19:45:09 [INFO]  | |     \___ \| |        Minecraft Version: 1.21.1 neoforge
2026-06-09 19:45:09 [INFO]  | |____ ____) | |____    Problem/Feedback: Discord: https://discord.gg/rQV5JPauY7
2026-06-09 19:45:09 [INFO]   \_____|_____/ \_____|
2026-06-09 19:45:09 [INFO]                        
2026-06-09 21:35:31 [INFO] CSC is loading...   Success！
2026-06-09 21:36:34 [INFO]    _____  _____  _____ 
2026-06-09 21:36:34 [INFO]   / ____|/ ____|/ ____|
2026-06-09 21:36:34 [INFO]  | |    | (___ | |        [CSC] Version: v1.21.26
2026-06-09 21:36:34 [INFO]  | |     \___ \| |        Minecraft Version: 1.21.1 neoforge
2026-06-09 21:36:34 [INFO]  | |____ ____) | |____    Problem/Feedback: Discord: https://discord.gg/rQV5JPauY7
2026-06-09 21:36:34 [INFO]   \_____|_____/ \_____|
2026-06-09 21:36:34 [INFO]                        
2026-06-09 22:19:57 [INFO] CSC is loading...   Success！
2026-06-09 22:20:58 [INFO]    _____  _____  _____ 
2026-06-09 22:20:58 [INFO]   / ____|/ ____|/ ____|
2026-06-09 22:20:58 [INFO]  | |    | (___ | |        [CSC] Version: v1.21.26
2026-06-09 22:20:58 [INFO]  | |     \___ \| |        Minecraft Version: 1.21.1 neoforge
2026-06-09 22:20:58 [INFO]  | |____ ____) | |____    Problem/Feedback: Discord: https://discord.gg/rQV5JPauY7
2026-06-09 22:20:58 [INFO]   \_____|_____/ \_____|
2026-06-09 22:20:58 [INFO]                        
2026-06-09 23:06:08 [INFO] CSC is loading...   Success！
2026-06-09 23:07:54 [INFO]    _____  _____  _____ 
2026-06-09 23:07:54 [INFO]   / ____|/ ____|/ ____|
2026-06-09 23:07:54 [INFO]  | |    | (___ | |        [CSC] Version: v1.21.26
2026-06-09 23:07:54 [INFO]  | |     \___ \| |        Minecraft Version: 1.21.1 neoforge
2026-06-09 23:07:54 [INFO]  | |____ ____) | |____    Problem/Feedback: Discord: https://discord.gg/rQV5JPauY7
2026-06-09 23:07:54 [INFO]   \_____|_____/ \_____|
2026-06-09 23:07:54 [INFO]                        
2026-06-10 11:37:04 [INFO] CSC is loading...   Success！
2026-06-10 11:56:43 [INFO]    _____  _____  _____ 
2026-06-10 11:56:43 [INFO]   / ____|/ ____|/ ____|
2026-06-10 11:56:43 [INFO]  | |    | (___ | |        [CSC] Version: v1.21.26
2026-06-10 11:56:43 [INFO]  | |     \___ \| |        Minecraft Version: 1.21.1 neoforge
2026-06-10 11:56:43 [INFO]  | |____ ____) | |____    Problem/Feedback: Discord: https://discord.gg/rQV5JPauY7
2026-06-10 11:56:43 [INFO]   \_____|_____/ \_____|
2026-06-10 11:56:43 [INFO]                        
2026-06-10 13:15:57 [INFO] CSC is loading...   Success！
2026-06-10 13:16:42 [INFO]    _____  _____  _____ 
2026-06-10 13:16:42 [INFO]   / ____|/ ____|/ ____|
2026-06-10 13:16:42 [INFO]  | |    | (___ | |        [CSC] Version: v1.21.26
2026-06-10 13:16:42 [INFO]  | |     \___ \| |        Minecraft Version: 1.21.1 neoforge
2026-06-10 13:16:42 [INFO]  | |____ ____) | |____    Problem/Feedback: Discord: https://discord.gg/rQV5JPauY7
2026-06-10 13:16:42 [INFO]   \_____|_____/ \_____|
2026-06-10 13:16:42 [INFO]                        
2026-06-10 13:21:52 [INFO] CSC is loading...   Success！
2026-06-10 13:24:01 [INFO]    _____  _____  _____ 
2026-06-10 13:24:01 [INFO]   / ____|/ ____|/ ____|
2026-06-10 13:24:01 [INFO]  | |    | (___ | |        [CSC] Version: v1.21.26
2026-06-10 13:24:01 [INFO]  | |     \___ \| |        Minecraft Version: 1.21.1 neoforge
2026-06-10 13:24:01 [INFO]  | |____ ____) | |____    Problem/Feedback: Discord: https://discord.gg/rQV5JPauY7
2026-06-10 13:24:01 [INFO]   \_____|_____/ \_____|
2026-06-10 13:24:01 [INFO]                        
2026-06-10 14:04:18 [INFO] CSC is loading...   Success！
2026-06-10 14:05:59 [INFO]    _____  _____  _____ 
2026-06-10 14:05:59 [INFO]   / ____|/ ____|/ ____|
2026-06-10 14:05:59 [INFO]  | |    | (___ | |        [CSC] Version: v1.21.26
2026-06-10 14:05:59 [INFO]  | |     \___ \| |        Minecraft Version: 1.21.1 neoforge
2026-06-10 14:05:59 [INFO]  | |____ ____) | |____    Problem/Feedback: Discord: https://discord.gg/rQV5JPauY7
2026-06-10 14:05:59 [INFO]   \_____|_____/ \_____|
2026-06-10 14:05:59 [INFO]                        
2026-06-10 14:22:33 [INFO] CSC is loading...   Success！
2026-06-10 14:25:24 [INFO]    _____  _____  _____ 
2026-06-10 14:25:24 [INFO]   / ____|/ ____|/ ____|
2026-06-10 14:25:24 [INFO]  | |    | (___ | |        [CSC] Version: v1.21.26
2026-06-10 14:25:24 [INFO]  | |     \___ \| |        Minecraft Version: 1.21.1 neoforge
2026-06-10 14:25:24 [INFO]  | |____ ____) | |____    Problem/Feedback: Discord: https://discord.gg/rQV5JPauY7
2026-06-10 14:25:24 [INFO]   \_____|_____/ \_____|
2026-06-10 14:25:24 [INFO]                        
2026-06-10 14:32:10 [INFO] CSC is loading...   Success！
2026-06-10 14:32:54 [INFO]    _____  _____  _____ 
2026-06-10 14:32:54 [INFO]   / ____|/ ____|/ ____|
2026-06-10 14:32:54 [INFO]  | |    | (___ | |        [CSC] Version: v1.21.26
2026-06-10 14:32:54 [INFO]  | |     \___ \| |        Minecraft Version: 1.21.1 neoforge
2026-06-10 14:32:54 [INFO]  | |____ ____) | |____    Problem/Feedback: Discord: https://discord.gg/rQV5JPauY7
2026-06-10 14:32:54 [INFO]   \_____|_____/ \_____|
2026-06-10 14:32:54 [INFO]                        
2026-06-10 17:23:21 [INFO] CSC is loading...   Success！
2026-06-10 17:24:44 [INFO]    _____  _____  _____ 
2026-06-10 17:24:44 [INFO]   / ____|/ ____|/ ____|
2026-06-10 17:24:44 [INFO]  | |    | (___ | |        [CSC] Version: v1.21.26
2026-06-10 17:24:44 [INFO]  | |     \___ \| |        Minecraft Version: 1.21.1 neoforge
2026-06-10 17:24:44 [INFO]  | |____ ____) | |____    Problem/Feedback: Discord: https://discord.gg/rQV5JPauY7
2026-06-10 17:24:44 [INFO]   \_____|_____/ \_____|
2026-06-10 17:24:44 [INFO]                        
2026-06-10 17:46:31 [INFO] CSC is loading...   Success！
2026-06-10 17:47:23 [INFO]    _____  _____  _____ 
2026-06-10 17:47:23 [INFO]   / ____|/ ____|/ ____|
2026-06-10 17:47:23 [INFO]  | |    | (___ | |        [CSC] Version: v1.21.26
2026-06-10 17:47:23 [INFO]  | |     \___ \| |        Minecraft Version: 1.21.1 neoforge
2026-06-10 17:47:23 [INFO]  | |____ ____) | |____    Problem/Feedback: Discord: https://discord.gg/rQV5JPauY7
2026-06-10 17:47:23 [INFO]   \_____|_____/ \_____|
2026-06-10 17:47:23 [INFO]                        
2026-06-10 19:51:48 [INFO] CSC is loading...   Success！
2026-06-10 19:55:07 [INFO]    _____  _____  _____ 
2026-06-10 19:55:07 [INFO]   / ____|/ ____|/ ____|
2026-06-10 19:55:07 [INFO]  | |    | (___ | |        [CSC] Version: v1.21.26
2026-06-10 19:55:07 [INFO]  | |     \___ \| |        Minecraft Version: 1.21.1 neoforge
2026-06-10 19:55:07 [INFO]  | |____ ____) | |____    Problem/Feedback: Discord: https://discord.gg/rQV5JPauY7
2026-06-10 19:55:07 [INFO]   \_____|_____/ \_____|
2026-06-10 19:55:07 [INFO]                        
2026-06-10 20:05:14 [INFO] CSC is loading...   Success！
2026-06-10 20:06:12 [INFO]    _____  _____  _____ 
2026-06-10 20:06:12 [INFO]   / ____|/ ____|/ ____|
2026-06-10 20:06:12 [INFO]  | |    | (___ | |        [CSC] Version: v1.21.26
2026-06-10 20:06:12 [INFO]  | |     \___ \| |        Minecraft Version: 1.21.1 neoforge
2026-06-10 20:06:12 [INFO]  | |____ ____) | |____    Problem/Feedback: Discord: https://discord.gg/rQV5JPauY7
2026-06-10 20:06:12 [INFO]   \_____|_____/ \_____|
2026-06-10 20:06:12 [INFO]                        
2026-06-10 20:10:05 [INFO] CSC is loading...   Success！
2026-06-10 20:10:49 [INFO]    _____  _____  _____ 
2026-06-10 20:10:49 [INFO]   / ____|/ ____|/ ____|
2026-06-10 20:10:49 [INFO]  | |    | (___ | |        [CSC] Version: v1.21.26
2026-06-10 20:10:49 [INFO]  | |     \___ \| |        Minecraft Version: 1.21.1 neoforge
2026-06-10 20:10:49 [INFO]  | |____ ____) | |____    Problem/Feedback: Discord: https://discord.gg/rQV5JPauY7
2026-06-10 20:10:49 [INFO]   \_____|_____/ \_____|
2026-06-10 20:10:49 [INFO]                        
2026-06-10 20:11:06 [INFO] CSC close completely, thanks for using!
2026-06-10 20:11:44 [INFO]    _____  _____  _____ 
2026-06-10 20:11:44 [INFO]   / ____|/ ____|/ ____|
2026-06-10 20:11:44 [INFO]  | |    | (___ | |        [CSC] Version: v1.21.26
2026-06-10 20:11:44 [INFO]  | |     \___ \| |        Minecraft Version: 1.21.1 neoforge
2026-06-10 20:11:44 [INFO]  | |____ ____) | |____    Problem/Feedback: Discord: https://discord.gg/rQV5JPauY7
2026-06-10 20:11:44 [INFO]   \_____|_____/ \_____|
2026-06-10 20:11:44 [INFO]                        
2026-06-10 22:56:28 [INFO] CSC is loading...   Success！
2026-06-10 22:57:27 [INFO]    _____  _____  _____ 
2026-06-10 22:57:27 [INFO]   / ____|/ ____|/ ____|
2026-06-10 22:57:27 [INFO]  | |    | (___ | |        [CSC] Version: v1.21.26
2026-06-10 22:57:27 [INFO]  | |     \___ \| |        Minecraft Version: 1.21.1 neoforge
2026-06-10 22:57:27 [INFO]  | |____ ____) | |____    Problem/Feedback: Discord: https://discord.gg/rQV5JPauY7
2026-06-10 22:57:27 [INFO]   \_____|_____/ \_____|
2026-06-10 22:57:27 [INFO]                        
2026-06-10 23:08:50 [INFO] CSC is loading...   Success！
2026-06-10 23:09:25 [INFO]    _____  _____  _____ 
2026-06-10 23:09:25 [INFO]   / ____|/ ____|/ ____|
2026-06-10 23:09:25 [INFO]  | |    | (___ | |        [CSC] Version: v1.21.26
2026-06-10 23:09:25 [INFO]  | |     \___ \| |        Minecraft Version: 1.21.1 neoforge
2026-06-10 23:09:25 [INFO]  | |____ ____) | |____    Problem/Feedback: Discord: https://discord.gg/rQV5JPauY7
2026-06-10 23:09:25 [INFO]   \_____|_____/ \_____|
2026-06-10 23:09:25 [INFO]                        
2026-06-10 23:37:30 [INFO] CSC is loading...   Success！
2026-06-10 23:38:15 [INFO]    _____  _____  _____ 
2026-06-10 23:38:15 [INFO]   / ____|/ ____|/ ____|
2026-06-10 23:38:15 [INFO]  | |    | (___ | |        [CSC] Version: v1.21.26
2026-06-10 23:38:15 [INFO]  | |     \___ \| |        Minecraft Version: 1.21.1 neoforge
2026-06-10 23:38:15 [INFO]  | |____ ____) | |____    Problem/Feedback: Discord: https://discord.gg/rQV5JPauY7
2026-06-10 23:38:15 [INFO]   \_____|_____/ \_____|
2026-06-10 23:38:15 [INFO]                        
2026-06-10 23:48:44 [INFO] CSC is loading...   Success！
2026-06-10 23:49:36 [INFO]    _____  _____  _____ 
2026-06-10 23:49:36 [INFO]   / ____|/ ____|/ ____|
2026-06-10 23:49:36 [INFO]  | |    | (___ | |        [CSC] Version: v1.21.26
2026-06-10 23:49:36 [INFO]  | |     \___ \| |        Minecraft Version: 1.21.1 neoforge
2026-06-10 23:49:36 [INFO]  | |____ ____) | |____    Problem/Feedback: Discord: https://discord.gg/rQV5JPauY7
2026-06-10 23:49:36 [INFO]   \_____|_____/ \_____|
2026-06-10 23:49:36 [INFO]                        
2026-06-11 00:46:05 [INFO] CSC is loading...   Success！
2026-06-11 00:51:19 [INFO] CSC is loading...   Success！
2026-06-11 00:52:06 [INFO]    _____  _____  _____ 
2026-06-11 00:52:06 [INFO]   / ____|/ ____|/ ____|
2026-06-11 00:52:06 [INFO]  | |    | (___ | |        [CSC] Version: v1.21.26
2026-06-11 00:52:06 [INFO]  | |     \___ \| |        Minecraft Version: 1.21.1 neoforge
2026-06-11 00:52:06 [INFO]  | |____ ____) | |____    Problem/Feedback: Discord: https://discord.gg/rQV5JPauY7
2026-06-11 00:52:06 [INFO]   \_____|_____/ \_____|
2026-06-11 00:52:06 [INFO]                        
2026-06-11 00:54:53 [INFO] CSC is loading...   Success！
2026-06-11 00:55:27 [INFO]    _____  _____  _____ 
2026-06-11 00:55:27 [INFO]   / ____|/ ____|/ ____|
2026-06-11 00:55:27 [INFO]  | |    | (___ | |        [CSC] Version: v1.21.26
2026-06-11 00:55:27 [INFO]  | |     \___ \| |        Minecraft Version: 1.21.1 neoforge
2026-06-11 00:55:27 [INFO]  | |____ ____) | |____    Problem/Feedback: Discord: https://discord.gg/rQV5JPauY7
2026-06-11 00:55:27 [INFO]   \_____|_____/ \_____|
2026-06-11 00:55:27 [INFO]                        
2026-06-11 09:46:24 [INFO] CSC is loading...   Success！
2026-06-11 09:46:58 [INFO]    _____  _____  _____ 
2026-06-11 09:46:58 [INFO]   / ____|/ ____|/ ____|
2026-06-11 09:46:58 [INFO]  | |    | (___ | |        [CSC] Version: v1.21.26
2026-06-11 09:46:58 [INFO]  | |     \___ \| |        Minecraft Version: 1.21.1 neoforge
2026-06-11 09:46:58 [INFO]  | |____ ____) | |____    Problem/Feedback: Discord: https://discord.gg/rQV5JPauY7
2026-06-11 09:46:58 [INFO]   \_____|_____/ \_____|
2026-06-11 09:46:58 [INFO]                        
2026-06-11 10:09:55 [INFO] CSC is loading...   Success！
2026-06-11 10:11:08 [INFO]    _____  _____  _____ 
2026-06-11 10:11:08 [INFO]   / ____|/ ____|/ ____|
2026-06-11 10:11:08 [INFO]  | |    | (___ | |        [CSC] Version: v1.21.26
2026-06-11 10:11:08 [INFO]  | |     \___ \| |        Minecraft Version: 1.21.1 neoforge
2026-06-11 10:11:08 [INFO]  | |____ ____) | |____    Problem/Feedback: Discord: https://discord.gg/rQV5JPauY7
2026-06-11 10:11:08 [INFO]   \_____|_____/ \_____|
2026-06-11 10:11:08 [INFO]                        
2026-06-11 10:37:49 [INFO] CSC is loading...   Success！
2026-06-11 10:39:05 [INFO]    _____  _____  _____ 
2026-06-11 10:39:05 [INFO]   / ____|/ ____|/ ____|
2026-06-11 10:39:05 [INFO]  | |    | (___ | |        [CSC] Version: v1.21.26
2026-06-11 10:39:05 [INFO]  | |     \___ \| |        Minecraft Version: 1.21.1 neoforge
2026-06-11 10:39:05 [INFO]  | |____ ____) | |____    Problem/Feedback: Discord: https://discord.gg/rQV5JPauY7
2026-06-11 10:39:05 [INFO]   \_____|_____/ \_____|
2026-06-11 10:39:05 [INFO]                        
2026-06-11 11:00:49 [INFO] CSC is loading...   Success！
2026-06-11 11:06:47 [INFO] CSC is loading...   Success！
2026-06-11 11:08:42 [INFO]    _____  _____  _____ 
2026-06-11 11:08:42 [INFO]   / ____|/ ____|/ ____|
2026-06-11 11:08:42 [INFO]  | |    | (___ | |        [CSC] Version: v1.21.26
2026-06-11 11:08:42 [INFO]  | |     \___ \| |        Minecraft Version: 1.21.1 neoforge
2026-06-11 11:08:42 [INFO]  | |____ ____) | |____    Problem/Feedback: Discord: https://discord.gg/rQV5JPauY7
2026-06-11 11:08:42 [INFO]   \_____|_____/ \_____|
2026-06-11 11:08:42 [INFO]                        
2026-06-11 11:35:04 [INFO] CSC is loading...   Success！
2026-06-11 11:36:58 [INFO]    _____  _____  _____ 
2026-06-11 11:36:58 [INFO]   / ____|/ ____|/ ____|
2026-06-11 11:36:58 [INFO]  | |    | (___ | |        [CSC] Version: v1.21.26
2026-06-11 11:36:58 [INFO]  | |     \___ \| |        Minecraft Version: 1.21.1 neoforge
2026-06-11 11:36:58 [INFO]  | |____ ____) | |____    Problem/Feedback: Discord: https://discord.gg/rQV5JPauY7
2026-06-11 11:36:58 [INFO]   \_____|_____/ \_____|
2026-06-11 11:36:58 [INFO]                        
2026-06-11 11:50:16 [INFO] CSC is loading...   Success！
2026-06-11 11:54:37 [INFO] CSC is loading...   Success！
2026-06-11 11:56:39 [INFO]    _____  _____  _____ 
2026-06-11 11:56:39 [INFO]   / ____|/ ____|/ ____|
2026-06-11 11:56:39 [INFO]  | |    | (___ | |        [CSC] Version: v1.21.26
2026-06-11 11:56:39 [INFO]  | |     \___ \| |        Minecraft Version: 1.21.1 neoforge
2026-06-11 11:56:39 [INFO]  | |____ ____) | |____    Problem/Feedback: Discord: https://discord.gg/rQV5JPauY7
2026-06-11 11:56:39 [INFO]   \_____|_____/ \_____|
2026-06-11 11:56:39 [INFO]                        
2026-06-11 12:29:21 [INFO] CSC is loading...   Success！
2026-06-11 12:39:29 [INFO] CSC is loading...   Success！
2026-06-11 12:43:35 [INFO] CSC is loading...   Success！
2026-06-11 12:47:48 [INFO]    _____  _____  _____ 
2026-06-11 12:47:48 [INFO]   / ____|/ ____|/ ____|
2026-06-11 12:47:48 [INFO]  | |    | (___ | |        [CSC] Version: v1.21.26
2026-06-11 12:47:48 [INFO]  | |     \___ \| |        Minecraft Version: 1.21.1 neoforge
2026-06-11 12:47:48 [INFO]  | |____ ____) | |____    Problem/Feedback: Discord: https://discord.gg/rQV5JPauY7
2026-06-11 12:47:48 [INFO]   \_____|_____/ \_____|
2026-06-11 12:47:48 [INFO]                        
2026-06-11 12:52:52 [INFO] CSC is loading...   Success！
2026-06-11 13:18:51 [INFO] CSC is loading...   Success！
2026-06-11 13:20:58 [INFO] CSC is loading...   Success！
2026-06-11 13:22:41 [INFO]    _____  _____  _____ 
2026-06-11 13:22:41 [INFO]   / ____|/ ____|/ ____|
2026-06-11 13:22:41 [INFO]  | |    | (___ | |        [CSC] Version: v1.21.26
2026-06-11 13:22:41 [INFO]  | |     \___ \| |        Minecraft Version: 1.21.1 neoforge
2026-06-11 13:22:41 [INFO]  | |____ ____) | |____    Problem/Feedback: Discord: https://discord.gg/rQV5JPauY7
2026-06-11 13:22:41 [INFO]   \_____|_____/ \_____|
2026-06-11 13:22:41 [INFO]                        
2026-06-11 13:23:10 [INFO] CSC close completely, thanks for using!
2026-06-11 13:23:19 [INFO]    _____  _____  _____ 
2026-06-11 13:23:19 [INFO]   / ____|/ ____|/ ____|
2026-06-11 13:23:19 [INFO]  | |    | (___ | |        [CSC] Version: v1.21.26
2026-06-11 13:23:19 [INFO]  | |     \___ \| |        Minecraft Version: 1.21.1 neoforge
2026-06-11 13:23:19 [INFO]  | |____ ____) | |____    Problem/Feedback: Discord: https://discord.gg/rQV5JPauY7
2026-06-11 13:23:19 [INFO]   \_____|_____/ \_____|
2026-06-11 13:23:19 [INFO]                        
2026-06-11 14:14:07 [INFO] CSC is loading...   Success！
2026-06-11 14:16:57 [INFO] CSC is loading...   Success！
2026-06-11 14:23:13 [INFO] CSC is loading...   Success！
2026-06-11 14:29:16 [INFO] CSC is loading...   Success！
2026-06-11 14:30:39 [INFO]    _____  _____  _____ 
2026-06-11 14:30:39 [INFO]   / ____|/ ____|/ ____|
2026-06-11 14:30:39 [INFO]  | |    | (___ | |        [CSC] Version: v1.21.26
2026-06-11 14:30:39 [INFO]  | |     \___ \| |        Minecraft Version: 1.21.1 neoforge
2026-06-11 14:30:39 [INFO]  | |____ ____) | |____    Problem/Feedback: Discord: https://discord.gg/rQV5JPauY7
2026-06-11 14:30:39 [INFO]   \_____|_____/ \_____|
2026-06-11 14:30:39 [INFO]                        
2026-06-11 14:51:46 [INFO] CSC is loading...   Success！
2026-06-11 14:53:15 [INFO]    _____  _____  _____ 
2026-06-11 14:53:15 [INFO]   / ____|/ ____|/ ____|
2026-06-11 14:53:15 [INFO]  | |    | (___ | |        [CSC] Version: v1.21.26
2026-06-11 14:53:15 [INFO]  | |     \___ \| |        Minecraft Version: 1.21.1 neoforge
2026-06-11 14:53:15 [INFO]  | |____ ____) | |____    Problem/Feedback: Discord: https://discord.gg/rQV5JPauY7
2026-06-11 14:53:15 [INFO]   \_____|_____/ \_____|
2026-06-11 14:53:15 [INFO]                        
2026-06-11 17:07:12 [INFO] CSC close completely, thanks for using!
2026-06-11 17:07:23 [INFO]    _____  _____  _____ 
2026-06-11 17:07:23 [INFO]   / ____|/ ____|/ ____|
2026-06-11 17:07:23 [INFO]  | |    | (___ | |        [CSC] Version: v1.21.26
2026-06-11 17:07:23 [INFO]  | |     \___ \| |        Minecraft Version: 1.21.1 neoforge
2026-06-11 17:07:23 [INFO]  | |____ ____) | |____    Problem/Feedback: Discord: https://discord.gg/rQV5JPauY7
2026-06-11 17:07:23 [INFO]   \_____|_____/ \_____|
2026-06-11 17:07:23 [INFO]                        
2026-06-11 20:22:15 [INFO] CSC close completely, thanks for using!
2026-06-11 20:24:40 [INFO] CSC is loading...   Success！
2026-06-11 20:33:04 [INFO]    _____  _____  _____ 
2026-06-11 20:33:04 [INFO]   / ____|/ ____|/ ____|
2026-06-11 20:33:04 [INFO]  | |    | (___ | |        [CSC] Version: v1.21.26
2026-06-11 20:33:04 [INFO]  | |     \___ \| |        Minecraft Version: 1.21.1 neoforge
2026-06-11 20:33:04 [INFO]  | |____ ____) | |____    Problem/Feedback: Discord: https://discord.gg/rQV5JPauY7
2026-06-11 20:33:04 [INFO]   \_____|_____/ \_____|
2026-06-11 20:33:04 [INFO]                        
2026-07-08 23:57:37 [INFO] CSC is loading...   Success！
2026-07-08 23:58:37 [INFO]    _____  _____  _____ 
2026-07-08 23:58:37 [INFO]   / ____|/ ____|/ ____|
2026-07-08 23:58:37 [INFO]  | |    | (___ | |        [CSC] Version: v1.21.26
2026-07-08 23:58:37 [INFO]  | |     \___ \| |        Minecraft Version: 1.21.1 neoforge
2026-07-08 23:58:37 [INFO]  | |____ ____) | |____    Problem/Feedback: Discord: https://discord.gg/rQV5JPauY7
2026-07-08 23:58:37 [INFO]   \_____|_____/ \_____|
2026-07-08 23:58:37 [INFO]                        
2026-07-08 23:58:40 [INFO] CSC close completely, thanks for using!
2026-07-09 00:00:54 [INFO] CSC is loading...   Success！
2026-07-09 00:01:53 [INFO]    _____  _____  _____ 
2026-07-09 00:01:53 [INFO]   / ____|/ ____|/ ____|
2026-07-09 00:01:53 [INFO]  | |    | (___ | |        [CSC] Version: v1.21.26
2026-07-09 00:01:53 [INFO]  | |     \___ \| |        Minecraft Version: 1.21.1 neoforge
2026-07-09 00:01:53 [INFO]  | |____ ____) | |____    Problem/Feedback: Discord: https://discord.gg/rQV5JPauY7
2026-07-09 00:01:53 [INFO]   \_____|_____/ \_____|
2026-07-09 00:01:53 [INFO]                        
2026-07-09 00:01:55 [INFO] CSC close completely, thanks for using!
2026-07-09 00:09:40 [INFO] CSC is loading...   Success！
2026-07-09 00:10:40 [INFO]    _____  _____  _____ 
2026-07-09 00:10:40 [INFO]   / ____|/ ____|/ ____|
2026-07-09 00:10:40 [INFO]  | |    | (___ | |        [CSC] Version: v1.21.26
2026-07-09 00:10:40 [INFO]  | |     \___ \| |        Minecraft Version: 1.21.1 neoforge
2026-07-09 00:10:40 [INFO]  | |____ ____) | |____    Problem/Feedback: Discord: https://discord.gg/rQV5JPauY7
2026-07-09 00:10:40 [INFO]   \_____|_____/ \_____|
2026-07-09 00:10:40 [INFO]                        
2026-07-09 00:13:47 [INFO] CSC close completely, thanks for using!
2026-07-09 00:14:55 [INFO] CSC is loading...   Success！
2026-07-09 00:16:40 [INFO]    _____  _____  _____ 
2026-07-09 00:16:40 [INFO]   / ____|/ ____|/ ____|
2026-07-09 00:16:40 [INFO]  | |    | (___ | |        [CSC] Version: v1.21.26
2026-07-09 00:16:40 [INFO]  | |     \___ \| |        Minecraft Version: 1.21.1 neoforge
2026-07-09 00:16:40 [INFO]  | |____ ____) | |____    Problem/Feedback: Discord: https://discord.gg/rQV5JPauY7
2026-07-09 00:16:40 [INFO]   \_____|_____/ \_____|
2026-07-09 00:16:40 [INFO]                        
2026-07-09 00:27:52 [INFO] CSC close completely, thanks for using!
2026-07-09 00:28:53 [INFO] CSC is loading...   Success！
2026-07-09 00:29:38 [INFO]    _____  _____  _____ 
2026-07-09 00:29:38 [INFO]   / ____|/ ____|/ ____|
2026-07-09 00:29:38 [INFO]  | |    | (___ | |        [CSC] Version: v1.21.26
2026-07-09 00:29:38 [INFO]  | |     \___ \| |        Minecraft Version: 1.21.1 neoforge
2026-07-09 00:29:38 [INFO]  | |____ ____) | |____    Problem/Feedback: Discord: https://discord.gg/rQV5JPauY7
2026-07-09 00:29:38 [INFO]   \_____|_____/ \_____|
2026-07-09 00:29:38 [INFO]                        
2026-07-09 00:55:13 [INFO] CSC is loading...   Success！
2026-07-09 00:56:23 [INFO]    _____  _____  _____ 
2026-07-09 00:56:23 [INFO]   / ____|/ ____|/ ____|
2026-07-09 00:56:23 [INFO]  | |    | (___ | |        [CSC] Version: v1.21.26
2026-07-09 00:56:23 [INFO]  | |     \___ \| |        Minecraft Version: 1.21.1 neoforge
2026-07-09 00:56:23 [INFO]  | |____ ____) | |____    Problem/Feedback: Discord: https://discord.gg/rQV5JPauY7
2026-07-09 00:56:23 [INFO]   \_____|_____/ \_____|
2026-07-09 00:56:23 [INFO]                        
2026-07-09 01:21:45 [INFO] CSC close completely, thanks for using!
2026-07-09 12:34:58 [INFO] CSC is loading...   Success！
2026-07-09 12:35:50 [INFO]    _____  _____  _____ 
2026-07-09 12:35:50 [INFO]   / ____|/ ____|/ ____|
2026-07-09 12:35:50 [INFO]  | |    | (___ | |        [CSC] Version: v1.21.26
2026-07-09 12:35:50 [INFO]  | |     \___ \| |        Minecraft Version: 1.21.1 neoforge
2026-07-09 12:35:50 [INFO]  | |____ ____) | |____    Problem/Feedback: Discord: https://discord.gg/rQV5JPauY7
2026-07-09 12:35:50 [INFO]   \_____|_____/ \_____|
2026-07-09 12:35:50 [INFO]                        
2026-07-09 12:37:51 [INFO] CSC is loading...   Success！
2026-07-09 12:39:00 [INFO]    _____  _____  _____ 
2026-07-09 12:39:00 [INFO]   / ____|/ ____|/ ____|
2026-07-09 12:39:00 [INFO]  | |    | (___ | |        [CSC] Version: v1.21.26
2026-07-09 12:39:00 [INFO]  | |     \___ \| |        Minecraft Version: 1.21.1 neoforge
2026-07-09 12:39:00 [INFO]  | |____ ____) | |____    Problem/Feedback: Discord: https://discord.gg/rQV5JPauY7
2026-07-09 12:39:00 [INFO]   \_____|_____/ \_____|
2026-07-09 12:39:00 [INFO]                        
2026-07-09 13:03:54 [INFO] CSC is loading...   Success！
2026-07-09 13:04:41 [INFO]    _____  _____  _____ 
2026-07-09 13:04:41 [INFO]   / ____|/ ____|/ ____|
2026-07-09 13:04:41 [INFO]  | |    | (___ | |        [CSC] Version: v1.21.26
2026-07-09 13:04:41 [INFO]  | |     \___ \| |        Minecraft Version: 1.21.1 neoforge
2026-07-09 13:04:41 [INFO]  | |____ ____) | |____    Problem/Feedback: Discord: https://discord.gg/rQV5JPauY7
2026-07-09 13:04:41 [INFO]   \_____|_____/ \_____|
2026-07-09 13:04:41 [INFO]                        
2026-07-09 13:37:50 [INFO] CSC is loading...   Success！
2026-07-09 13:38:38 [INFO]    _____  _____  _____ 
2026-07-09 13:38:38 [INFO]   / ____|/ ____|/ ____|
2026-07-09 13:38:38 [INFO]  | |    | (___ | |        [CSC] Version: v1.21.26
2026-07-09 13:38:38 [INFO]  | |     \___ \| |        Minecraft Version: 1.21.1 neoforge
2026-07-09 13:38:38 [INFO]  | |____ ____) | |____    Problem/Feedback: Discord: https://discord.gg/rQV5JPauY7
2026-07-09 13:38:38 [INFO]   \_____|_____/ \_____|
2026-07-09 13:38:38 [INFO]                        
2026-07-09 13:49:10 [INFO] CSC is loading...   Success！
2026-07-09 13:49:51 [INFO]    _____  _____  _____ 
2026-07-09 13:49:51 [INFO]   / ____|/ ____|/ ____|
2026-07-09 13:49:51 [INFO]  | |    | (___ | |        [CSC] Version: v1.21.26
2026-07-09 13:49:51 [INFO]  | |     \___ \| |        Minecraft Version: 1.21.1 neoforge
2026-07-09 13:49:51 [INFO]  | |____ ____) | |____    Problem/Feedback: Discord: https://discord.gg/rQV5JPauY7
2026-07-09 13:49:51 [INFO]   \_____|_____/ \_____|
2026-07-09 13:49:51 [INFO]                        
2026-07-09 14:22:52 [INFO] CSC is loading...   Success！
2026-07-09 14:32:47 [INFO]    _____  _____  _____ 
2026-07-09 14:32:47 [INFO]   / ____|/ ____|/ ____|
2026-07-09 14:32:47 [INFO]  | |    | (___ | |        [CSC] Version: v1.21.26
2026-07-09 14:32:47 [INFO]  | |     \___ \| |        Minecraft Version: 1.21.1 neoforge
2026-07-09 14:32:47 [INFO]  | |____ ____) | |____    Problem/Feedback: Discord: https://discord.gg/rQV5JPauY7
2026-07-09 14:32:47 [INFO]   \_____|_____/ \_____|
2026-07-09 14:32:47 [INFO]                        
2026-07-09 16:09:36 [INFO] CSC close completely, thanks for using!
2026-07-09 16:12:13 [INFO] CSC is loading...   Success！
2026-07-09 16:13:35 [INFO]    _____  _____  _____ 
2026-07-09 16:13:35 [INFO]   / ____|/ ____|/ ____|
2026-07-09 16:13:35 [INFO]  | |    | (___ | |        [CSC] Version: v1.21.26
2026-07-09 16:13:35 [INFO]  | |     \___ \| |        Minecraft Version: 1.21.1 neoforge
2026-07-09 16:13:35 [INFO]  | |____ ____) | |____    Problem/Feedback: Discord: https://discord.gg/rQV5JPauY7
2026-07-09 16:13:35 [INFO]   \_____|_____/ \_____|
2026-07-09 16:13:35 [INFO]                        
2026-07-09 16:13:38 [INFO] CSC close completely, thanks for using!
2026-07-09 16:14:22 [INFO] CSC is loading...   Success！
2026-07-09 16:14:58 [INFO]    _____  _____  _____ 
2026-07-09 16:14:58 [INFO]   / ____|/ ____|/ ____|
2026-07-09 16:14:58 [INFO]  | |    | (___ | |        [CSC] Version: v1.21.26
2026-07-09 16:14:58 [INFO]  | |     \___ \| |        Minecraft Version: 1.21.1 neoforge
2026-07-09 16:14:58 [INFO]  | |____ ____) | |____    Problem/Feedback: Discord: https://discord.gg/rQV5JPauY7
2026-07-09 16:14:58 [INFO]   \_____|_____/ \_____|
2026-07-09 16:14:58 [INFO]                        
2026-07-09 16:18:15 [INFO] CSC is loading...   Success！
2026-07-09 16:18:45 [INFO]    _____  _____  _____ 
2026-07-09 16:18:45 [INFO]   / ____|/ ____|/ ____|
2026-07-09 16:18:45 [INFO]  | |    | (___ | |        [CSC] Version: v1.21.26
2026-07-09 16:18:45 [INFO]  | |     \___ \| |        Minecraft Version: 1.21.1 neoforge
2026-07-09 16:18:45 [INFO]  | |____ ____) | |____    Problem/Feedback: Discord: https://discord.gg/rQV5JPauY7
2026-07-09 16:18:45 [INFO]   \_____|_____/ \_____|
2026-07-09 16:18:45 [INFO]                        
2026-07-10 20:20:27 [INFO] CSC is loading...   Success！
2026-07-10 20:29:00 [INFO]    _____  _____  _____ 
2026-07-10 20:29:00 [INFO]   / ____|/ ____|/ ____|
2026-07-10 20:29:00 [INFO]  | |    | (___ | |        [CSC] Version: v1.21.26
2026-07-10 20:29:00 [INFO]  | |     \___ \| |        Minecraft Version: 1.21.1 neoforge
2026-07-10 20:29:00 [INFO]  | |____ ____) | |____    Problem/Feedback: Discord: https://discord.gg/rQV5JPauY7
2026-07-10 20:29:00 [INFO]   \_____|_____/ \_____|
2026-07-10 20:29:00 [INFO]                        
2026-07-10 20:34:21 [INFO] CSC close completely, thanks for using!
2026-07-11 23:22:38 [WARN] [CSC] Old config.toml archived to C:\Users\Goob\curseforge\minecraft\Instances\Cre8 Xpl0r3\config\CSC\config_old_2026_07_11_23_22_37.toml because ConfigVersion changed from 1.21.26 to 1.21.27
2026-07-11 23:22:40 [INFO] CSC is loading...   Success！
2026-07-11 23:23:56 [INFO]    _____  _____  _____ 
2026-07-11 23:23:56 [INFO]   / ____|/ ____|/ ____|
2026-07-11 23:23:56 [INFO]  | |    | (___ | |        [CSC] Version: v1.21.27
2026-07-11 23:23:56 [INFO]  | |     \___ \| |        Minecraft Version: 1.21.1 neoforge
2026-07-11 23:23:56 [INFO]  | |____ ____) | |____    Problem/Feedback: Discord: https://discord.gg/rQV5JPauY7
2026-07-11 23:23:56 [INFO]   \_____|_____/ \_____|
2026-07-11 23:23:56 [INFO]                        
2026-07-11 23:25:07 [INFO] CSC close completely, thanks for using!
2026-07-11 23:30:55 [INFO]    _____  _____  _____ 
2026-07-11 23:30:55 [INFO]   / ____|/ ____|/ ____|
2026-07-11 23:30:55 [INFO]  | |    | (___ | |        [CSC] Version: v1.21.27
2026-07-11 23:30:55 [INFO]  | |     \___ \| |        Minecraft Version: 1.21.1 neoforge
2026-07-11 23:30:55 [INFO]  | |____ ____) | |____    Problem/Feedback: Discord: https://discord.gg/rQV5JPauY7
2026-07-11 23:30:55 [INFO]   \_____|_____/ \_____|
2026-07-11 23:30:55 [INFO]                        
2026-07-12 17:51:03 [INFO] CSC is loading...   Success！
2026-07-12 17:55:53 [INFO]    _____  _____  _____ 
2026-07-12 17:55:53 [INFO]   / ____|/ ____|/ ____|
2026-07-12 17:55:53 [INFO]  | |    | (___ | |        [CSC] Version: v1.21.27
2026-07-12 17:55:53 [INFO]  | |     \___ \| |        Minecraft Version: 1.21.1 neoforge
2026-07-12 17:55:53 [INFO]  | |____ ____) | |____    Problem/Feedback: Discord: https://discord.gg/rQV5JPauY7
2026-07-12 17:55:53 [INFO]   \_____|_____/ \_____|
2026-07-12 17:55:53 [INFO]                        
2026-07-12 23:02:30 [INFO] CSC is loading...   Success！
2026-07-12 23:05:45 [INFO]    _____  _____  _____ 
2026-07-12 23:05:45 [INFO]   / ____|/ ____|/ ____|
2026-07-12 23:05:45 [INFO]  | |    | (___ | |        [CSC] Version: v1.21.27
2026-07-12 23:05:45 [INFO]  | |     \___ \| |        Minecraft Version: 1.21.1 neoforge
2026-07-12 23:05:45 [INFO]  | |____ ____) | |____    Problem/Feedback: Discord: https://discord.gg/rQV5JPauY7
2026-07-12 23:05:45 [INFO]   \_____|_____/ \_____|
2026-07-12 23:05:45 [INFO]                        
2026-07-13 01:37:33 [INFO] CSC close completely, thanks for using!
2026-07-13 10:22:06 [INFO] CSC is loading...   Success！
2026-07-13 10:23:11 [INFO]    _____  _____  _____ 
2026-07-13 10:23:11 [INFO]   / ____|/ ____|/ ____|
2026-07-13 10:23:11 [INFO]  | |    | (___ | |        [CSC] Version: v1.21.27
2026-07-13 10:23:11 [INFO]  | |     \___ \| |        Minecraft Version: 1.21.1 neoforge
2026-07-13 10:23:11 [INFO]  | |____ ____) | |____    Problem/Feedback: Discord: https://discord.gg/rQV5JPauY7
2026-07-13 10:23:11 [INFO]   \_____|_____/ \_____|
2026-07-13 10:23:11 [INFO]                        
2026-07-13 10:54:11 [INFO] CSC close completely, thanks for using!
2026-07-13 22:58:47 [INFO] CSC is loading...   Success！
2026-07-13 23:00:20 [INFO]    _____  _____  _____ 
2026-07-13 23:00:20 [INFO]   / ____|/ ____|/ ____|
2026-07-13 23:00:20 [INFO]  | |    | (___ | |        [CSC] Version: v1.21.27
2026-07-13 23:00:20 [INFO]  | |     \___ \| |        Minecraft Version: 1.21.1 neoforge
2026-07-13 23:00:20 [INFO]  | |____ ____) | |____    Problem/Feedback: Discord: https://discord.gg/rQV5JPauY7
2026-07-13 23:00:20 [INFO]   \_____|_____/ \_____|
2026-07-13 23:00:20 [INFO]                        
2026-07-13 23:37:04 [INFO] CSC close completely, thanks for using!
2026-07-13 23:39:00 [INFO] CSC is loading...   Success！
2026-07-14 00:03:12 [INFO]    _____  _____  _____ 
2026-07-14 00:03:12 [INFO]   / ____|/ ____|/ ____|
2026-07-14 00:03:12 [INFO]  | |    | (___ | |        [CSC] Version: v1.21.27
2026-07-14 00:03:12 [INFO]  | |     \___ \| |        Minecraft Version: 1.21.1 neoforge
2026-07-14 00:03:12 [INFO]  | |____ ____) | |____    Problem/Feedback: Discord: https://discord.gg/rQV5JPauY7
2026-07-14 00:03:12 [INFO]   \_____|_____/ \_____|
2026-07-14 00:03:12 [INFO]                        
2026-07-14 13:46:48 [INFO] CSC is loading...   Success！
2026-07-14 13:48:13 [INFO]    _____  _____  _____ 
2026-07-14 13:48:13 [INFO]   / ____|/ ____|/ ____|
2026-07-14 13:48:13 [INFO]  | |    | (___ | |        [CSC] Version: v1.21.27
2026-07-14 13:48:13 [INFO]  | |     \___ \| |        Minecraft Version: 1.21.1 neoforge
2026-07-14 13:48:13 [INFO]  | |____ ____) | |____    Problem/Feedback: Discord: https://discord.gg/rQV5JPauY7
2026-07-14 13:48:13 [INFO]   \_____|_____/ \_____|
2026-07-14 13:48:13 [INFO]                        
2026-07-14 14:21:43 [INFO] CSC close completely, thanks for using!
2026-07-14 14:22:53 [INFO] CSC is loading...   Success！
2026-07-14 14:24:01 [INFO]    _____  _____  _____ 
2026-07-14 14:24:01 [INFO]   / ____|/ ____|/ ____|
2026-07-14 14:24:01 [INFO]  | |    | (___ | |        [CSC] Version: v1.21.27
2026-07-14 14:24:01 [INFO]  | |     \___ \| |        Minecraft Version: 1.21.1 neoforge
2026-07-14 14:24:01 [INFO]  | |____ ____) | |____    Problem/Feedback: Discord: https://discord.gg/rQV5JPauY7
2026-07-14 14:24:01 [INFO]   \_____|_____/ \_____|
2026-07-14 14:24:01 [INFO]                        
2026-07-14 14:43:25 [INFO] CSC is loading...   Success！
2026-07-14 14:44:15 [INFO]    _____  _____  _____ 
2026-07-14 14:44:15 [INFO]   / ____|/ ____|/ ____|
2026-07-14 14:44:15 [INFO]  | |    | (___ | |        [CSC] Version: v1.21.27
2026-07-14 14:44:15 [INFO]  | |     \___ \| |        Minecraft Version: 1.21.1 neoforge
2026-07-14 14:44:15 [INFO]  | |____ ____) | |____    Problem/Feedback: Discord: https://discord.gg/rQV5JPauY7
2026-07-14 14:44:15 [INFO]   \_____|_____/ \_____|
2026-07-14 14:44:15 [INFO]                        
2026-07-14 15:12:35 [INFO] CSC close completely, thanks for using!
2026-07-14 16:30:44 [INFO] CSC is loading...   Success！
2026-07-14 16:31:46 [INFO]    _____  _____  _____ 
2026-07-14 16:31:46 [INFO]   / ____|/ ____|/ ____|
2026-07-14 16:31:46 [INFO]  | |    | (___ | |        [CSC] Version: v1.21.27
2026-07-14 16:31:46 [INFO]  | |     \___ \| |        Minecraft Version: 1.21.1 neoforge
2026-07-14 16:31:46 [INFO]  | |____ ____) | |____    Problem/Feedback: Discord: https://discord.gg/rQV5JPauY7
2026-07-14 16:31:46 [INFO]   \_____|_____/ \_____|
2026-07-14 16:31:46 [INFO]                        
2026-07-14 17:01:28 [INFO] CSC is loading...   Success！
2026-07-14 17:02:26 [INFO]    _____  _____  _____ 
2026-07-14 17:02:26 [INFO]   / ____|/ ____|/ ____|
2026-07-14 17:02:26 [INFO]  | |    | (___ | |        [CSC] Version: v1.21.27
2026-07-14 17:02:26 [INFO]  | |     \___ \| |        Minecraft Version: 1.21.1 neoforge
2026-07-14 17:02:26 [INFO]  | |____ ____) | |____    Problem/Feedback: Discord: https://discord.gg/rQV5JPauY7
2026-07-14 17:02:26 [INFO]   \_____|_____/ \_____|
2026-07-14 17:02:26 [INFO]                        
2026-07-14 17:20:01 [INFO] CSC close completely, thanks for using!
2026-07-14 19:00:53 [INFO] CSC is loading...   Success！
2026-07-14 19:01:42 [INFO]    _____  _____  _____ 
2026-07-14 19:01:42 [INFO]   / ____|/ ____|/ ____|
2026-07-14 19:01:42 [INFO]  | |    | (___ | |        [CSC] Version: v1.21.27
2026-07-14 19:01:42 [INFO]  | |     \___ \| |        Minecraft Version: 1.21.1 neoforge
2026-07-14 19:01:42 [INFO]  | |____ ____) | |____    Problem/Feedback: Discord: https://discord.gg/rQV5JPauY7
2026-07-14 19:01:42 [INFO]   \_____|_____/ \_____|
2026-07-14 19:01:42 [INFO]                        
2026-07-14 20:04:54 [INFO] CSC close completely, thanks for using!
2026-07-14 20:06:13 [INFO] CSC is loading...   Success！
2026-07-14 20:08:07 [INFO]    _____  _____  _____ 
2026-07-14 20:08:07 [INFO]   / ____|/ ____|/ ____|
2026-07-14 20:08:07 [INFO]  | |    | (___ | |        [CSC] Version: v1.21.27
2026-07-14 20:08:07 [INFO]  | |     \___ \| |        Minecraft Version: 1.21.1 neoforge
2026-07-14 20:08:07 [INFO]  | |____ ____) | |____    Problem/Feedback: Discord: https://discord.gg/rQV5JPauY7
2026-07-14 20:08:07 [INFO]   \_____|_____/ \_____|
2026-07-14 20:08:07 [INFO]                        
2026-07-14 20:08:17 [INFO] CSC close completely, thanks for using!
2026-07-14 20:11:56 [INFO] CSC is loading...   Success！
2026-07-14 20:13:26 [INFO]    _____  _____  _____ 
2026-07-14 20:13:26 [INFO]   / ____|/ ____|/ ____|
2026-07-14 20:13:26 [INFO]  | |    | (___ | |        [CSC] Version: v1.21.27
2026-07-14 20:13:26 [INFO]  | |     \___ \| |        Minecraft Version: 1.21.1 neoforge
2026-07-14 20:13:26 [INFO]  | |____ ____) | |____    Problem/Feedback: Discord: https://discord.gg/rQV5JPauY7
2026-07-14 20:13:26 [INFO]   \_____|_____/ \_____|
2026-07-14 20:13:26 [INFO]                        
2026-07-14 22:42:30 [INFO] CSC close completely, thanks for using!
2026-07-14 22:44:01 [INFO] CSC is loading...   Success！
2026-07-14 22:53:23 [INFO]    _____  _____  _____ 
2026-07-14 22:53:23 [INFO]   / ____|/ ____|/ ____|
2026-07-14 22:53:23 [INFO]  | |    | (___ | |        [CSC] Version: v1.21.27
2026-07-14 22:53:23 [INFO]  | |     \___ \| |        Minecraft Version: 1.21.1 neoforge
2026-07-14 22:53:24 [INFO]  | |____ ____) | |____    Problem/Feedback: Discord: https://discord.gg/rQV5JPauY7
2026-07-14 22:53:24 [INFO]   \_____|_____/ \_____|
2026-07-14 22:53:24 [INFO]                        
2026-07-15 00:41:38 [INFO] CSC is loading...   Success！
2026-07-15 00:43:28 [INFO]    _____  _____  _____ 
2026-07-15 00:43:28 [INFO]   / ____|/ ____|/ ____|
2026-07-15 00:43:28 [INFO]  | |    | (___ | |        [CSC] Version: v1.21.27
2026-07-15 00:43:28 [INFO]  | |     \___ \| |        Minecraft Version: 1.21.1 neoforge
2026-07-15 00:43:28 [INFO]  | |____ ____) | |____    Problem/Feedback: Discord: https://discord.gg/rQV5JPauY7
2026-07-15 00:43:28 [INFO]   \_____|_____/ \_____|
2026-07-15 00:43:28 [INFO]                        
2026-07-15 01:01:33 [INFO] CSC close completely, thanks for using!
2026-07-15 01:02:41 [INFO] CSC is loading...   Success！
2026-07-15 01:03:32 [INFO]    _____  _____  _____ 
2026-07-15 01:03:32 [INFO]   / ____|/ ____|/ ____|
2026-07-15 01:03:32 [INFO]  | |    | (___ | |        [CSC] Version: v1.21.27
2026-07-15 01:03:32 [INFO]  | |     \___ \| |        Minecraft Version: 1.21.1 neoforge
2026-07-15 01:03:32 [INFO]  | |____ ____) | |____    Problem/Feedback: Discord: https://discord.gg/rQV5JPauY7
2026-07-15 01:03:32 [INFO]   \_____|_____/ \_____|
2026-07-15 01:03:32 [INFO]                        
2026-07-15 01:04:14 [INFO] CSC close completely, thanks for using!
2026-07-15 01:07:21 [INFO] CSC is loading...   Success！
2026-07-15 01:08:30 [INFO]    _____  _____  _____ 
2026-07-15 01:08:30 [INFO]   / ____|/ ____|/ ____|
2026-07-15 01:08:30 [INFO]  | |    | (___ | |        [CSC] Version: v1.21.27
2026-07-15 01:08:30 [INFO]  | |     \___ \| |        Minecraft Version: 1.21.1 neoforge
2026-07-15 01:08:30 [INFO]  | |____ ____) | |____    Problem/Feedback: Discord: https://discord.gg/rQV5JPauY7
2026-07-15 01:08:30 [INFO]   \_____|_____/ \_____|
2026-07-15 01:08:30 [INFO]                        
2026-07-15 01:28:07 [INFO] CSC is loading...   Success！
2026-07-15 01:28:52 [INFO]    _____  _____  _____ 
2026-07-15 01:28:52 [INFO]   / ____|/ ____|/ ____|
2026-07-15 01:28:52 [INFO]  | |    | (___ | |        [CSC] Version: v1.21.27
2026-07-15 01:28:52 [INFO]  | |     \___ \| |        Minecraft Version: 1.21.1 neoforge
2026-07-15 01:28:52 [INFO]  | |____ ____) | |____    Problem/Feedback: Discord: https://discord.gg/rQV5JPauY7
2026-07-15 01:28:52 [INFO]   \_____|_____/ \_____|
2026-07-15 01:28:52 [INFO]                        
2026-07-15 01:38:32 [INFO] CSC is loading...   Success！
2026-07-15 01:39:39 [INFO]    _____  _____  _____ 
2026-07-15 01:39:39 [INFO]   / ____|/ ____|/ ____|
2026-07-15 01:39:39 [INFO]  | |    | (___ | |        [CSC] Version: v1.21.27
2026-07-15 01:39:39 [INFO]  | |     \___ \| |        Minecraft Version: 1.21.1 neoforge
2026-07-15 01:39:39 [INFO]  | |____ ____) | |____    Problem/Feedback: Discord: https://discord.gg/rQV5JPauY7
2026-07-15 01:39:39 [INFO]   \_____|_____/ \_____|
2026-07-15 01:39:39 [INFO]                        
2026-07-15 02:04:06 [INFO] CSC close completely, thanks for using!
2026-07-15 15:12:51 [INFO] CSC is loading...   Success！
2026-07-15 15:15:45 [INFO]    _____  _____  _____ 
2026-07-15 15:15:45 [INFO]   / ____|/ ____|/ ____|
2026-07-15 15:15:45 [INFO]  | |    | (___ | |        [CSC] Version: v1.21.27
2026-07-15 15:15:45 [INFO]  | |     \___ \| |        Minecraft Version: 1.21.1 neoforge
2026-07-15 15:15:45 [INFO]  | |____ ____) | |____    Problem/Feedback: Discord: https://discord.gg/rQV5JPauY7
2026-07-15 15:15:45 [INFO]   \_____|_____/ \_____|
2026-07-15 15:15:45 [INFO]                        
2026-07-15 19:33:58 [INFO] CSC is loading...   Success！
2026-07-15 19:35:33 [INFO]    _____  _____  _____ 
2026-07-15 19:35:33 [INFO]   / ____|/ ____|/ ____|
2026-07-15 19:35:33 [INFO]  | |    | (___ | |        [CSC] Version: v1.21.27
2026-07-15 19:35:33 [INFO]  | |     \___ \| |        Minecraft Version: 1.21.1 neoforge
2026-07-15 19:35:33 [INFO]  | |____ ____) | |____    Problem/Feedback: Discord: https://discord.gg/rQV5JPauY7
2026-07-15 19:35:33 [INFO]   \_____|_____/ \_____|
2026-07-15 19:35:33 [INFO]                        
2026-07-15 19:55:40 [INFO] CSC is loading...   Success！
2026-07-15 19:57:13 [INFO]    _____  _____  _____ 
2026-07-15 19:57:13 [INFO]   / ____|/ ____|/ ____|
2026-07-15 19:57:13 [INFO]  | |    | (___ | |        [CSC] Version: v1.21.27
2026-07-15 19:57:13 [INFO]  | |     \___ \| |        Minecraft Version: 1.21.1 neoforge
2026-07-15 19:57:13 [INFO]  | |____ ____) | |____    Problem/Feedback: Discord: https://discord.gg/rQV5JPauY7
2026-07-15 19:57:13 [INFO]   \_____|_____/ \_____|
2026-07-15 19:57:13 [INFO]                        
2026-07-15 20:55:20 [INFO] CSC is loading...   Success！
2026-07-15 20:57:12 [INFO]    _____  _____  _____ 
2026-07-15 20:57:12 [INFO]   / ____|/ ____|/ ____|
2026-07-15 20:57:12 [INFO]  | |    | (___ | |        [CSC] Version: v1.21.27
2026-07-15 20:57:12 [INFO]  | |     \___ \| |        Minecraft Version: 1.21.1 neoforge
2026-07-15 20:57:12 [INFO]  | |____ ____) | |____    Problem/Feedback: Discord: https://discord.gg/rQV5JPauY7
2026-07-15 20:57:12 [INFO]   \_____|_____/ \_____|
2026-07-15 20:57:12 [INFO]                        
2026-07-15 21:16:57 [INFO] CSC is loading...   Success！
2026-07-15 21:18:08 [INFO]    _____  _____  _____ 
2026-07-15 21:18:08 [INFO]   / ____|/ ____|/ ____|
2026-07-15 21:18:08 [INFO]  | |    | (___ | |        [CSC] Version: v1.21.27
2026-07-15 21:18:08 [INFO]  | |     \___ \| |        Minecraft Version: 1.21.1 neoforge
2026-07-15 21:18:08 [INFO]  | |____ ____) | |____    Problem/Feedback: Discord: https://discord.gg/rQV5JPauY7
2026-07-15 21:18:08 [INFO]   \_____|_____/ \_____|
2026-07-15 21:18:08 [INFO]                        
2026-07-15 21:35:27 [INFO] CSC is loading...   Success！
2026-07-15 21:36:26 [INFO]    _____  _____  _____ 
2026-07-15 21:36:26 [INFO]   / ____|/ ____|/ ____|
2026-07-15 21:36:26 [INFO]  | |    | (___ | |        [CSC] Version: v1.21.27
2026-07-15 21:36:26 [INFO]  | |     \___ \| |        Minecraft Version: 1.21.1 neoforge
2026-07-15 21:36:26 [INFO]  | |____ ____) | |____    Problem/Feedback: Discord: https://discord.gg/rQV5JPauY7
2026-07-15 21:36:26 [INFO]   \_____|_____/ \_____|
2026-07-15 21:36:26 [INFO]                        
2026-07-15 22:13:27 [INFO] CSC is loading...   Success！
2026-07-15 22:15:33 [INFO]    _____  _____  _____ 
2026-07-15 22:15:33 [INFO]   / ____|/ ____|/ ____|
2026-07-15 22:15:33 [INFO]  | |    | (___ | |        [CSC] Version: v1.21.27
2026-07-15 22:15:33 [INFO]  | |     \___ \| |        Minecraft Version: 1.21.1 neoforge
2026-07-15 22:15:33 [INFO]  | |____ ____) | |____    Problem/Feedback: Discord: https://discord.gg/rQV5JPauY7
2026-07-15 22:15:33 [INFO]   \_____|_____/ \_____|
2026-07-15 22:15:33 [INFO]                        
2026-07-15 23:25:55 [INFO] CSC is loading...   Success！
2026-07-15 23:26:42 [INFO]    _____  _____  _____ 
2026-07-15 23:26:42 [INFO]   / ____|/ ____|/ ____|
2026-07-15 23:26:42 [INFO]  | |    | (___ | |        [CSC] Version: v1.21.27
2026-07-15 23:26:42 [INFO]  | |     \___ \| |        Minecraft Version: 1.21.1 neoforge
2026-07-15 23:26:42 [INFO]  | |____ ____) | |____    Problem/Feedback: Discord: https://discord.gg/rQV5JPauY7
2026-07-15 23:26:42 [INFO]   \_____|_____/ \_____|
2026-07-15 23:26:42 [INFO]                        
2026-07-15 23:32:31 [INFO] CSC is loading...   Success！
2026-07-15 23:33:10 [INFO]    _____  _____  _____ 
2026-07-15 23:33:10 [INFO]   / ____|/ ____|/ ____|
2026-07-15 23:33:10 [INFO]  | |    | (___ | |        [CSC] Version: v1.21.27
2026-07-15 23:33:10 [INFO]  | |     \___ \| |        Minecraft Version: 1.21.1 neoforge
2026-07-15 23:33:10 [INFO]  | |____ ____) | |____    Problem/Feedback: Discord: https://discord.gg/rQV5JPauY7
2026-07-15 23:33:10 [INFO]   \_____|_____/ \_____|
2026-07-15 23:33:10 [INFO]                        
2026-07-16 01:08:01 [INFO] CSC is loading...   Success！
2026-07-16 01:09:58 [INFO]    _____  _____  _____ 
2026-07-16 01:09:58 [INFO]   / ____|/ ____|/ ____|
2026-07-16 01:09:58 [INFO]  | |    | (___ | |        [CSC] Version: v1.21.27
2026-07-16 01:09:58 [INFO]  | |     \___ \| |        Minecraft Version: 1.21.1 neoforge
2026-07-16 01:09:58 [INFO]  | |____ ____) | |____    Problem/Feedback: Discord: https://discord.gg/rQV5JPauY7
2026-07-16 01:09:58 [INFO]   \_____|_____/ \_____|
2026-07-16 01:09:58 [INFO]                        
2026-07-16 01:30:56 [INFO] CSC is loading...   Success！
2026-07-16 01:33:53 [INFO] CSC is loading...   Success！
2026-07-16 01:35:14 [INFO]    _____  _____  _____ 
2026-07-16 01:35:14 [INFO]   / ____|/ ____|/ ____|
2026-07-16 01:35:14 [INFO]  | |    | (___ | |        [CSC] Version: v1.21.27
2026-07-16 01:35:14 [INFO]  | |     \___ \| |        Minecraft Version: 1.21.1 neoforge
2026-07-16 01:35:14 [INFO]  | |____ ____) | |____    Problem/Feedback: Discord: https://discord.gg/rQV5JPauY7
2026-07-16 01:35:14 [INFO]   \_____|_____/ \_____|
2026-07-16 01:35:14 [INFO]                        
2026-07-16 01:38:54 [INFO] CSC is loading...   Success！
2026-07-16 01:39:52 [INFO]    _____  _____  _____ 
2026-07-16 01:39:52 [INFO]   / ____|/ ____|/ ____|
2026-07-16 01:39:52 [INFO]  | |    | (___ | |        [CSC] Version: v1.21.27
2026-07-16 01:39:52 [INFO]  | |     \___ \| |        Minecraft Version: 1.21.1 neoforge
2026-07-16 01:39:52 [INFO]  | |____ ____) | |____    Problem/Feedback: Discord: https://discord.gg/rQV5JPauY7
2026-07-16 01:39:52 [INFO]   \_____|_____/ \_____|
2026-07-16 01:39:52 [INFO]                        
2026-07-16 02:10:39 [INFO] CSC is loading...   Success！
2026-07-16 02:14:15 [INFO] CSC is loading...   Success！
2026-07-16 02:15:51 [INFO]    _____  _____  _____ 
2026-07-16 02:15:51 [INFO]   / ____|/ ____|/ ____|
2026-07-16 02:15:51 [INFO]  | |    | (___ | |        [CSC] Version: v1.21.27
2026-07-16 02:15:51 [INFO]  | |     \___ \| |        Minecraft Version: 1.21.1 neoforge
2026-07-16 02:15:51 [INFO]  | |____ ____) | |____    Problem/Feedback: Discord: https://discord.gg/rQV5JPauY7
2026-07-16 02:15:51 [INFO]   \_____|_____/ \_____|
2026-07-16 02:15:51 [INFO]                        
2026-07-16 02:42:33 [INFO] CSC close completely, thanks for using!
2026-07-16 12:11:52 [INFO] CSC is loading...   Success！
2026-07-16 12:12:30 [INFO]    _____  _____  _____ 
2026-07-16 12:12:30 [INFO]   / ____|/ ____|/ ____|
2026-07-16 12:12:30 [INFO]  | |    | (___ | |        [CSC] Version: v1.21.27
2026-07-16 12:12:30 [INFO]  | |     \___ \| |        Minecraft Version: 1.21.1 neoforge
2026-07-16 12:12:30 [INFO]  | |____ ____) | |____    Problem/Feedback: Discord: https://discord.gg/rQV5JPauY7
2026-07-16 12:12:30 [INFO]   \_____|_____/ \_____|
2026-07-16 12:12:30 [INFO]                        
2026-07-16 14:14:41 [INFO] CSC is loading...   Success！
2026-07-16 14:26:04 [INFO]    _____  _____  _____ 
2026-07-16 14:26:04 [INFO]   / ____|/ ____|/ ____|
2026-07-16 14:26:04 [INFO]  | |    | (___ | |        [CSC] Version: v1.21.27
2026-07-16 14:26:04 [INFO]  | |     \___ \| |        Minecraft Version: 1.21.1 neoforge
2026-07-16 14:26:04 [INFO]  | |____ ____) | |____    Problem/Feedback: Discord: https://discord.gg/rQV5JPauY7
2026-07-16 14:26:04 [INFO]   \_____|_____/ \_____|
2026-07-16 14:26:04 [INFO]                        
2026-07-16 14:36:08 [INFO] CSC is loading...   Success！
2026-07-16 14:37:51 [INFO]    _____  _____  _____ 
2026-07-16 14:37:51 [INFO]   / ____|/ ____|/ ____|
2026-07-16 14:37:51 [INFO]  | |    | (___ | |        [CSC] Version: v1.21.27
2026-07-16 14:37:51 [INFO]  | |     \___ \| |        Minecraft Version: 1.21.1 neoforge
2026-07-16 14:37:51 [INFO]  | |____ ____) | |____    Problem/Feedback: Discord: https://discord.gg/rQV5JPauY7
2026-07-16 14:37:51 [INFO]   \_____|_____/ \_____|
2026-07-16 14:37:51 [INFO]                        
2026-07-16 14:52:04 [INFO] CSC is loading...   Success！
2026-07-16 14:53:24 [INFO]    _____  _____  _____ 
2026-07-16 14:53:24 [INFO]   / ____|/ ____|/ ____|
2026-07-16 14:53:24 [INFO]  | |    | (___ | |        [CSC] Version: v1.21.27
2026-07-16 14:53:24 [INFO]  | |     \___ \| |        Minecraft Version: 1.21.1 neoforge
2026-07-16 14:53:24 [INFO]  | |____ ____) | |____    Problem/Feedback: Discord: https://discord.gg/rQV5JPauY7
2026-07-16 14:53:24 [INFO]   \_____|_____/ \_____|
2026-07-16 14:53:24 [INFO]                        
2026-07-16 15:04:46 [INFO] CSC is loading...   Success！
2026-07-16 15:05:25 [INFO]    _____  _____  _____ 
2026-07-16 15:05:25 [INFO]   / ____|/ ____|/ ____|
2026-07-16 15:05:25 [INFO]  | |    | (___ | |        [CSC] Version: v1.21.27
2026-07-16 15:05:25 [INFO]  | |     \___ \| |        Minecraft Version: 1.21.1 neoforge
2026-07-16 15:05:25 [INFO]  | |____ ____) | |____    Problem/Feedback: Discord: https://discord.gg/rQV5JPauY7
2026-07-16 15:05:25 [INFO]   \_____|_____/ \_____|
2026-07-16 15:05:25 [INFO]                        
2026-07-16 15:16:50 [INFO] CSC is loading...   Success！
2026-07-16 15:20:47 [INFO] CSC is loading...   Success！
2026-07-16 15:21:43 [INFO]    _____  _____  _____ 
2026-07-16 15:21:43 [INFO]   / ____|/ ____|/ ____|
2026-07-16 15:21:43 [INFO]  | |    | (___ | |        [CSC] Version: v1.21.27
2026-07-16 15:21:43 [INFO]  | |     \___ \| |        Minecraft Version: 1.21.1 neoforge
2026-07-16 15:21:43 [INFO]  | |____ ____) | |____    Problem/Feedback: Discord: https://discord.gg/rQV5JPauY7
2026-07-16 15:21:43 [INFO]   \_____|_____/ \_____|
2026-07-16 15:21:43 [INFO]                        
2026-07-16 15:24:29 [INFO] CSC is loading...   Success！
2026-07-16 15:25:57 [INFO]    _____  _____  _____ 
2026-07-16 15:25:57 [INFO]   / ____|/ ____|/ ____|
2026-07-16 15:25:57 [INFO]  | |    | (___ | |        [CSC] Version: v1.21.27
2026-07-16 15:25:57 [INFO]  | |     \___ \| |        Minecraft Version: 1.21.1 neoforge
2026-07-16 15:25:57 [INFO]  | |____ ____) | |____    Problem/Feedback: Discord: https://discord.gg/rQV5JPauY7
2026-07-16 15:25:57 [INFO]   \_____|_____/ \_____|
2026-07-16 15:25:57 [INFO]                        
2026-07-16 15:31:40 [INFO] CSC is loading...   Success！
2026-07-16 15:32:21 [INFO]    _____  _____  _____ 
2026-07-16 15:32:21 [INFO]   / ____|/ ____|/ ____|
2026-07-16 15:32:21 [INFO]  | |    | (___ | |        [CSC] Version: v1.21.27
2026-07-16 15:32:21 [INFO]  | |     \___ \| |        Minecraft Version: 1.21.1 neoforge
2026-07-16 15:32:21 [INFO]  | |____ ____) | |____    Problem/Feedback: Discord: https://discord.gg/rQV5JPauY7
2026-07-16 15:32:21 [INFO]   \_____|_____/ \_____|
2026-07-16 15:32:21 [INFO]                        
2026-07-16 16:23:41 [INFO] CSC is loading...   Success！
2026-07-16 16:25:50 [INFO] CSC is loading...   Success！
2026-07-16 16:30:02 [INFO]    _____  _____  _____ 
2026-07-16 16:30:02 [INFO]   / ____|/ ____|/ ____|
2026-07-16 16:30:02 [INFO]  | |    | (___ | |        [CSC] Version: v1.21.27
2026-07-16 16:30:02 [INFO]  | |     \___ \| |        Minecraft Version: 1.21.1 neoforge
2026-07-16 16:30:02 [INFO]  | |____ ____) | |____    Problem/Feedback: Discord: https://discord.gg/rQV5JPauY7
2026-07-16 16:30:02 [INFO]   \_____|_____/ \_____|
2026-07-16 16:30:02 [INFO]                        
2026-07-16 16:43:07 [INFO] CSC is loading...   Success！
2026-07-16 16:44:09 [INFO]    _____  _____  _____ 
2026-07-16 16:44:09 [INFO]   / ____|/ ____|/ ____|
2026-07-16 16:44:09 [INFO]  | |    | (___ | |        [CSC] Version: v1.21.27
2026-07-16 16:44:09 [INFO]  | |     \___ \| |        Minecraft Version: 1.21.1 neoforge
2026-07-16 16:44:09 [INFO]  | |____ ____) | |____    Problem/Feedback: Discord: https://discord.gg/rQV5JPauY7
2026-07-16 16:44:09 [INFO]   \_____|_____/ \_____|
2026-07-16 16:44:09 [INFO]                        
2026-07-18 23:30:40 [INFO] CSC is loading...   Success！
2026-07-18 23:33:29 [INFO]    _____  _____  _____ 
2026-07-18 23:33:29 [INFO]   / ____|/ ____|/ ____|
2026-07-18 23:33:29 [INFO]  | |    | (___ | |        [CSC] Version: v1.21.27
2026-07-18 23:33:29 [INFO]  | |     \___ \| |        Minecraft Version: 1.21.1 neoforge
2026-07-18 23:33:29 [INFO]  | |____ ____) | |____    Problem/Feedback: Discord: https://discord.gg/rQV5JPauY7
2026-07-18 23:33:29 [INFO]   \_____|_____/ \_____|
2026-07-18 23:33:29 [INFO]                        
2026-07-18 23:37:13 [INFO] CSC close completely, thanks for using!
2026-07-18 23:39:54 [INFO]    _____  _____  _____ 
2026-07-18 23:39:54 [INFO]   / ____|/ ____|/ ____|
2026-07-18 23:39:54 [INFO]  | |    | (___ | |        [CSC] Version: v1.21.27
2026-07-18 23:39:54 [INFO]  | |     \___ \| |        Minecraft Version: 1.21.1 neoforge
2026-07-18 23:39:54 [INFO]  | |____ ____) | |____    Problem/Feedback: Discord: https://discord.gg/rQV5JPauY7
2026-07-18 23:39:54 [INFO]   \_____|_____/ \_____|
2026-07-18 23:39:54 [INFO]                        
2026-07-18 23:54:51 [INFO] CSC close completely, thanks for using!
2026-07-18 23:55:45 [INFO]    _____  _____  _____ 
2026-07-18 23:55:45 [INFO]   / ____|/ ____|/ ____|
2026-07-18 23:55:45 [INFO]  | |    | (___ | |        [CSC] Version: v1.21.27
2026-07-18 23:55:45 [INFO]  | |     \___ \| |        Minecraft Version: 1.21.1 neoforge
2026-07-18 23:55:45 [INFO]  | |____ ____) | |____    Problem/Feedback: Discord: https://discord.gg/rQV5JPauY7
2026-07-18 23:55:45 [INFO]   \_____|_____/ \_____|
2026-07-18 23:55:45 [INFO]                        
2026-07-19 00:28:40 [INFO] CSC is loading...   Success！
2026-07-19 00:29:54 [INFO]    _____  _____  _____ 
2026-07-19 00:29:54 [INFO]   / ____|/ ____|/ ____|
2026-07-19 00:29:54 [INFO]  | |    | (___ | |        [CSC] Version: v1.21.27
2026-07-19 00:29:54 [INFO]  | |     \___ \| |        Minecraft Version: 1.21.1 neoforge
2026-07-19 00:29:54 [INFO]  | |____ ____) | |____    Problem/Feedback: Discord: https://discord.gg/rQV5JPauY7
2026-07-19 00:29:54 [INFO]   \_____|_____/ \_____|
2026-07-19 00:29:54 [INFO]                        
2026-07-19 00:50:58 [INFO] CSC close completely, thanks for using!
2026-07-19 00:52:19 [INFO] CSC is loading...   Success！
2026-07-19 00:53:38 [INFO]    _____  _____  _____ 
2026-07-19 00:53:38 [INFO]   / ____|/ ____|/ ____|
2026-07-19 00:53:38 [INFO]  | |    | (___ | |        [CSC] Version: v1.21.27
2026-07-19 00:53:38 [INFO]  | |     \___ \| |        Minecraft Version: 1.21.1 neoforge
2026-07-19 00:53:38 [INFO]  | |____ ____) | |____    Problem/Feedback: Discord: https://discord.gg/rQV5JPauY7
2026-07-19 00:53:38 [INFO]   \_____|_____/ \_____|
2026-07-19 00:53:38 [INFO]                        
2026-07-19 00:55:17 [INFO] CSC close completely, thanks for using!
2026-07-19 01:11:57 [INFO] CSC is loading...   Success！
2026-07-19 01:16:44 [INFO]    _____  _____  _____ 
2026-07-19 01:16:44 [INFO]   / ____|/ ____|/ ____|
2026-07-19 01:16:44 [INFO]  | |    | (___ | |        [CSC] Version: v1.21.27
2026-07-19 01:16:44 [INFO]  | |     \___ \| |        Minecraft Version: 1.21.1 neoforge
2026-07-19 01:16:44 [INFO]  | |____ ____) | |____    Problem/Feedback: Discord: https://discord.gg/rQV5JPauY7
2026-07-19 01:16:44 [INFO]   \_____|_____/ \_____|
2026-07-19 01:16:44 [INFO]                        
2026-07-19 01:17:48 [INFO] CSC close completely, thanks for using!
2026-07-19 01:18:04 [INFO]    _____  _____  _____ 
2026-07-19 01:18:04 [INFO]   / ____|/ ____|/ ____|
2026-07-19 01:18:04 [INFO]  | |    | (___ | |        [CSC] Version: v1.21.27
2026-07-19 01:18:04 [INFO]  | |     \___ \| |        Minecraft Version: 1.21.1 neoforge
2026-07-19 01:18:04 [INFO]  | |____ ____) | |____    Problem/Feedback: Discord: https://discord.gg/rQV5JPauY7
2026-07-19 01:18:04 [INFO]   \_____|_____/ \_____|
2026-07-19 01:18:04 [INFO]                        
2026-07-19 01:33:46 [INFO] CSC is loading...   Success！
2026-07-19 01:34:37 [INFO]    _____  _____  _____ 
2026-07-19 01:34:37 [INFO]   / ____|/ ____|/ ____|
2026-07-19 01:34:37 [INFO]  | |    | (___ | |        [CSC] Version: v1.21.27
2026-07-19 01:34:37 [INFO]  | |     \___ \| |        Minecraft Version: 1.21.1 neoforge
2026-07-19 01:34:37 [INFO]  | |____ ____) | |____    Problem/Feedback: Discord: https://discord.gg/rQV5JPauY7
2026-07-19 01:34:37 [INFO]   \_____|_____/ \_____|
2026-07-19 01:34:37 [INFO]                        
2026-07-19 01:40:04 [INFO] CSC is loading...   Success！
2026-07-19 01:43:04 [INFO]    _____  _____  _____ 
2026-07-19 01:43:04 [INFO]   / ____|/ ____|/ ____|
2026-07-19 01:43:04 [INFO]  | |    | (___ | |        [CSC] Version: v1.21.27
2026-07-19 01:43:04 [INFO]  | |     \___ \| |        Minecraft Version: 1.21.1 neoforge
2026-07-19 01:43:04 [INFO]  | |____ ____) | |____    Problem/Feedback: Discord: https://discord.gg/rQV5JPauY7
2026-07-19 01:43:04 [INFO]   \_____|_____/ \_____|
2026-07-19 01:43:04 [INFO]                        
2026-07-19 02:01:19 [INFO] CSC close completely, thanks for using!
2026-07-19 02:02:09 [INFO] CSC is loading...   Success！
2026-07-19 02:02:49 [INFO]    _____  _____  _____ 
2026-07-19 02:02:49 [INFO]   / ____|/ ____|/ ____|
2026-07-19 02:02:49 [INFO]  | |    | (___ | |        [CSC] Version: v1.21.27
2026-07-19 02:02:49 [INFO]  | |     \___ \| |        Minecraft Version: 1.21.1 neoforge
2026-07-19 02:02:49 [INFO]  | |____ ____) | |____    Problem/Feedback: Discord: https://discord.gg/rQV5JPauY7
2026-07-19 02:02:49 [INFO]   \_____|_____/ \_____|
2026-07-19 02:02:49 [INFO]                        
2026-07-19 02:13:28 [INFO] CSC close completely, thanks for using!
2026-07-29 21:36:23 [INFO] CSC is loading...   Success！
2026-07-29 21:40:05 [INFO]    _____  _____  _____ 
2026-07-29 21:40:06 [INFO]   / ____|/ ____|/ ____|
2026-07-29 21:40:06 [INFO]  | |    | (___ | |        [CSC] Version: v1.21.27
2026-07-29 21:40:06 [INFO]  | |     \___ \| |        Minecraft Version: 1.21.1 neoforge
2026-07-29 21:40:06 [INFO]  | |____ ____) | |____    Problem/Feedback: Discord: https://discord.gg/rQV5JPauY7
2026-07-29 21:40:06 [INFO]   \_____|_____/ \_____|
2026-07-29 21:40:06 [INFO]                        
2026-07-29 22:27:28 [INFO] CSC is loading...   Success！
2026-07-29 22:28:12 [INFO]    _____  _____  _____ 
2026-07-29 22:28:12 [INFO]   / ____|/ ____|/ ____|
2026-07-29 22:28:12 [INFO]  | |    | (___ | |        [CSC] Version: v1.21.27
2026-07-29 22:28:12 [INFO]  | |     \___ \| |        Minecraft Version: 1.21.1 neoforge
2026-07-29 22:28:12 [INFO]  | |____ ____) | |____    Problem/Feedback: Discord: https://discord.gg/rQV5JPauY7
2026-07-29 22:28:12 [INFO]   \_____|_____/ \_____|
2026-07-29 22:28:12 [INFO]                        
2026-07-29 22:48:44 [INFO] CSC is loading...   Success！
2026-07-29 22:49:27 [INFO]    _____  _____  _____ 
2026-07-29 22:49:27 [INFO]   / ____|/ ____|/ ____|
2026-07-29 22:49:27 [INFO]  | |    | (___ | |        [CSC] Version: v1.21.27
2026-07-29 22:49:27 [INFO]  | |     \___ \| |        Minecraft Version: 1.21.1 neoforge
2026-07-29 22:49:27 [INFO]  | |____ ____) | |____    Problem/Feedback: Discord: https://discord.gg/rQV5JPauY7
2026-07-29 22:49:27 [INFO]   \_____|_____/ \_____|
2026-07-29 22:49:27 [INFO]                        
2026-07-29 23:15:35 [INFO] CSC is loading...   Success！
2026-07-29 23:17:12 [INFO]    _____  _____  _____ 
2026-07-29 23:17:12 [INFO]   / ____|/ ____|/ ____|
2026-07-29 23:17:12 [INFO]  | |    | (___ | |        [CSC] Version: v1.21.27
2026-07-29 23:17:12 [INFO]  | |     \___ \| |        Minecraft Version: 1.21.1 neoforge
2026-07-29 23:17:12 [INFO]  | |____ ____) | |____    Problem/Feedback: Discord: https://discord.gg/rQV5JPauY7
2026-07-29 23:17:12 [INFO]   \_____|_____/ \_____|
2026-07-29 23:17:12 [INFO]                        
2026-07-30 07:59:08 [INFO] CSC is loading...   Success！
2026-07-30 08:16:45 [INFO]    _____  _____  _____ 
2026-07-30 08:16:45 [INFO]   / ____|/ ____|/ ____|
2026-07-30 08:16:45 [INFO]  | |    | (___ | |        [CSC] Version: v1.21.27
2026-07-30 08:16:45 [INFO]  | |     \___ \| |        Minecraft Version: 1.21.1 neoforge
2026-07-30 08:16:45 [INFO]  | |____ ____) | |____    Problem/Feedback: Discord: https://discord.gg/rQV5JPauY7
2026-07-30 08:16:45 [INFO]   \_____|_____/ \_____|
2026-07-30 08:16:45 [INFO]                        
2026-07-30 09:26:20 [INFO] CSC close completely, thanks for using!
2026-07-30 09:27:16 [INFO]    _____  _____  _____ 
2026-07-30 09:27:16 [INFO]   / ____|/ ____|/ ____|
2026-07-30 09:27:16 [INFO]  | |    | (___ | |        [CSC] Version: v1.21.27
2026-07-30 09:27:16 [INFO]  | |     \___ \| |        Minecraft Version: 1.21.1 neoforge
2026-07-30 09:27:16 [INFO]  | |____ ____) | |____    Problem/Feedback: Discord: https://discord.gg/rQV5JPauY7
2026-07-30 09:27:16 [INFO]   \_____|_____/ \_____|
2026-07-30 09:27:16 [INFO]                        
2026-07-30 09:30:58 [INFO] CSC close completely, thanks for using!
2026-07-30 09:31:43 [INFO]    _____  _____  _____ 
2026-07-30 09:31:43 [INFO]   / ____|/ ____|/ ____|
2026-07-30 09:31:43 [INFO]  | |    | (___ | |        [CSC] Version: v1.21.27
2026-07-30 09:31:43 [INFO]  | |     \___ \| |        Minecraft Version: 1.21.1 neoforge
2026-07-30 09:31:43 [INFO]  | |____ ____) | |____    Problem/Feedback: Discord: https://discord.gg/rQV5JPauY7
2026-07-30 09:31:43 [INFO]   \_____|_____/ \_____|
2026-07-30 09:31:43 [INFO]                        
2026-07-30 11:13:37 [INFO] CSC close completely, thanks for using!
2026-08-03 16:08:11 [INFO] CSC is loading...   Success！
2026-08-03 16:16:07 [INFO]    _____  _____  _____ 
2026-08-03 16:16:07 [INFO]   / ____|/ ____|/ ____|
2026-08-03 16:16:07 [INFO]  | |    | (___ | |        [CSC] Version: v1.21.27
2026-08-03 16:16:07 [INFO]  | |     \___ \| |        Minecraft Version: 1.21.1 neoforge
2026-08-03 16:16:07 [INFO]  | |____ ____) | |____    Problem/Feedback: Discord: https://discord.gg/rQV5JPauY7
2026-08-03 16:16:07 [INFO]   \_____|_____/ \_____|
2026-08-03 16:16:07 [INFO]                        
2026-08-03 17:25:31 [INFO] CSC close completely, thanks for using!
2026-08-04 10:23:21 [INFO] CSC is loading...   Success！
2026-08-04 10:24:37 [INFO]    _____  _____  _____ 
2026-08-04 10:24:37 [INFO]   / ____|/ ____|/ ____|
2026-08-04 10:24:37 [INFO]  | |    | (___ | |        [CSC] Version: v1.21.27
2026-08-04 10:24:37 [INFO]  | |     \___ \| |        Minecraft Version: 1.21.1 neoforge
2026-08-04 10:24:37 [INFO]  | |____ ____) | |____    Problem/Feedback: Discord: https://discord.gg/rQV5JPauY7
2026-08-04 10:24:37 [INFO]   \_____|_____/ \_____|
2026-08-04 10:24:37 [INFO]                        
2026-08-04 10:52:12 [INFO] CSC is loading...   Success！
2026-08-04 10:53:39 [INFO]    _____  _____  _____ 
2026-08-04 10:53:39 [INFO]   / ____|/ ____|/ ____|
2026-08-04 10:53:39 [INFO]  | |    | (___ | |        [CSC] Version: v1.21.27
2026-08-04 10:53:39 [INFO]  | |     \___ \| |        Minecraft Version: 1.21.1 neoforge
2026-08-04 10:53:39 [INFO]  | |____ ____) | |____    Problem/Feedback: Discord: https://discord.gg/rQV5JPauY7
2026-08-04 10:53:39 [INFO]   \_____|_____/ \_____|
2026-08-04 10:53:39 [INFO]                        
2026-08-04 12:10:04 [INFO] CSC is loading...   Success！
2026-08-04 12:13:24 [INFO] CSC is loading...   Success！
2026-08-04 12:16:00 [INFO] CSC is loading...   Success！
2026-08-04 12:18:31 [INFO] CSC is loading...   Success！
2026-08-04 12:20:39 [INFO] CSC is loading...   Success！
2026-08-04 12:25:22 [INFO] CSC is loading...   Success！
2026-08-04 12:26:49 [INFO]    _____  _____  _____ 
2026-08-04 12:26:49 [INFO]   / ____|/ ____|/ ____|
2026-08-04 12:26:49 [INFO]  | |    | (___ | |        [CSC] Version: v1.21.27
2026-08-04 12:26:49 [INFO]  | |     \___ \| |        Minecraft Version: 1.21.1 neoforge
2026-08-04 12:26:49 [INFO]  | |____ ____) | |____    Problem/Feedback: Discord: https://discord.gg/rQV5JPauY7
2026-08-04 12:26:49 [INFO]   \_____|_____/ \_____|
2026-08-04 12:26:49 [INFO]                        
2026-08-04 12:36:15 [INFO] CSC is loading...   Success！
2026-08-04 12:38:17 [INFO]    _____  _____  _____ 
2026-08-04 12:38:17 [INFO]   / ____|/ ____|/ ____|
2026-08-04 12:38:17 [INFO]  | |    | (___ | |        [CSC] Version: v1.21.27
2026-08-04 12:38:17 [INFO]  | |     \___ \| |        Minecraft Version: 1.21.1 neoforge
2026-08-04 12:38:17 [INFO]  | |____ ____) | |____    Problem/Feedback: Discord: https://discord.gg/rQV5JPauY7
2026-08-04 12:38:17 [INFO]   \_____|_____/ \_____|
2026-08-04 12:38:17 [INFO]                        
2026-08-04 12:41:14 [INFO] CSC is loading...   Success！
2026-08-04 12:41:59 [INFO]    _____  _____  _____ 
2026-08-04 12:41:59 [INFO]   / ____|/ ____|/ ____|
2026-08-04 12:41:59 [INFO]  | |    | (___ | |        [CSC] Version: v1.21.27
2026-08-04 12:41:59 [INFO]  | |     \___ \| |        Minecraft Version: 1.21.1 neoforge
2026-08-04 12:41:59 [INFO]  | |____ ____) | |____    Problem/Feedback: Discord: https://discord.gg/rQV5JPauY7
2026-08-04 12:41:59 [INFO]   \_____|_____/ \_____|
2026-08-04 12:41:59 [INFO]                        
2026-08-04 12:57:26 [INFO] CSC is loading...   Success！
2026-08-04 12:58:32 [INFO]    _____  _____  _____ 
2026-08-04 12:58:32 [INFO]   / ____|/ ____|/ ____|
2026-08-04 12:58:32 [INFO]  | |    | (___ | |        [CSC] Version: v1.21.27
2026-08-04 12:58:32 [INFO]  | |     \___ \| |        Minecraft Version: 1.21.1 neoforge
2026-08-04 12:58:32 [INFO]  | |____ ____) | |____    Problem/Feedback: Discord: https://discord.gg/rQV5JPauY7
2026-08-04 12:58:32 [INFO]   \_____|_____/ \_____|
2026-08-04 12:58:32 [INFO]                        
2026-08-04 13:06:42 [INFO] CSC is loading...   Success！
2026-08-04 13:07:53 [INFO]    _____  _____  _____ 
2026-08-04 13:07:53 [INFO]   / ____|/ ____|/ ____|
2026-08-04 13:07:53 [INFO]  | |    | (___ | |        [CSC] Version: v1.21.27
2026-08-04 13:07:53 [INFO]  | |     \___ \| |        Minecraft Version: 1.21.1 neoforge
2026-08-04 13:07:53 [INFO]  | |____ ____) | |____    Problem/Feedback: Discord: https://discord.gg/rQV5JPauY7
2026-08-04 13:07:53 [INFO]   \_____|_____/ \_____|
2026-08-04 13:07:53 [INFO]                        
2026-08-04 13:14:15 [INFO] CSC close completely, thanks for using!
2026-08-04 13:15:37 [INFO] CSC is loading...   Success！
2026-08-04 13:16:32 [INFO]    _____  _____  _____ 
2026-08-04 13:16:32 [INFO]   / ____|/ ____|/ ____|
2026-08-04 13:16:32 [INFO]  | |    | (___ | |        [CSC] Version: v1.21.27
2026-08-04 13:16:32 [INFO]  | |     \___ \| |        Minecraft Version: 1.21.1 neoforge
2026-08-04 13:16:32 [INFO]  | |____ ____) | |____    Problem/Feedback: Discord: https://discord.gg/rQV5JPauY7
2026-08-04 13:16:32 [INFO]   \_____|_____/ \_____|
2026-08-04 13:16:32 [INFO]                        
2026-08-04 13:25:38 [INFO] CSC close completely, thanks for using!
2026-08-04 13:27:15 [INFO] CSC is loading...   Success！
2026-08-04 13:29:12 [INFO] CSC is loading...   Success！
2026-08-04 13:30:15 [INFO]    _____  _____  _____ 
2026-08-04 13:30:15 [INFO]   / ____|/ ____|/ ____|
2026-08-04 13:30:15 [INFO]  | |    | (___ | |        [CSC] Version: v1.21.27
2026-08-04 13:30:15 [INFO]  | |     \___ \| |        Minecraft Version: 1.21.1 neoforge
2026-08-04 13:30:15 [INFO]  | |____ ____) | |____    Problem/Feedback: Discord: https://discord.gg/rQV5JPauY7
2026-08-04 13:30:15 [INFO]   \_____|_____/ \_____|
2026-08-04 13:30:15 [INFO]                        
2026-08-04 13:33:51 [INFO] CSC close completely, thanks for using!
2026-08-04 13:35:12 [INFO] CSC is loading...   Success！
2026-08-04 13:36:12 [INFO]    _____  _____  _____ 
2026-08-04 13:36:12 [INFO]   / ____|/ ____|/ ____|
2026-08-04 13:36:12 [INFO]  | |    | (___ | |        [CSC] Version: v1.21.27
2026-08-04 13:36:12 [INFO]  | |     \___ \| |        Minecraft Version: 1.21.1 neoforge
2026-08-04 13:36:12 [INFO]  | |____ ____) | |____    Problem/Feedback: Discord: https://discord.gg/rQV5JPauY7
2026-08-04 13:36:12 [INFO]   \_____|_____/ \_____|
2026-08-04 13:36:12 [INFO]                        
2026-08-04 13:54:54 [INFO] CSC is loading...   Success！
2026-08-04 13:57:09 [INFO]    _____  _____  _____ 
2026-08-04 13:57:09 [INFO]   / ____|/ ____|/ ____|
2026-08-04 13:57:09 [INFO]  | |    | (___ | |        [CSC] Version: v1.21.27
2026-08-04 13:57:09 [INFO]  | |     \___ \| |        Minecraft Version: 1.21.1 neoforge
2026-08-04 13:57:09 [INFO]  | |____ ____) | |____    Problem/Feedback: Discord: https://discord.gg/rQV5JPauY7
2026-08-04 13:57:09 [INFO]   \_____|_____/ \_____|
2026-08-04 13:57:09 [INFO]                        
2026-08-04 14:11:08 [INFO] CSC is loading...   Success！
2026-08-04 14:29:17 [INFO] CSC is loading...   Success！
2026-08-04 14:29:55 [INFO]    _____  _____  _____ 
2026-08-04 14:29:55 [INFO]   / ____|/ ____|/ ____|
2026-08-04 14:29:55 [INFO]  | |    | (___ | |        [CSC] Version: v1.21.27
2026-08-04 14:29:55 [INFO]  | |     \___ \| |        Minecraft Version: 1.21.1 neoforge
2026-08-04 14:29:55 [INFO]  | |____ ____) | |____    Problem/Feedback: Discord: https://discord.gg/rQV5JPauY7
2026-08-04 14:29:55 [INFO]   \_____|_____/ \_____|
2026-08-04 14:29:55 [INFO]                        
2026-08-04 15:33:00 [INFO] CSC is loading...   Success！
2026-08-04 15:33:47 [INFO]    _____  _____  _____ 
2026-08-04 15:33:47 [INFO]   / ____|/ ____|/ ____|
2026-08-04 15:33:47 [INFO]  | |    | (___ | |        [CSC] Version: v1.21.27
2026-08-04 15:33:47 [INFO]  | |     \___ \| |        Minecraft Version: 1.21.1 neoforge
2026-08-04 15:33:47 [INFO]  | |____ ____) | |____    Problem/Feedback: Discord: https://discord.gg/rQV5JPauY7
2026-08-04 15:33:47 [INFO]   \_____|_____/ \_____|
2026-08-04 15:33:47 [INFO]                        
2026-08-04 15:42:42 [INFO] CSC close completely, thanks for using!
2026-08-04 15:54:12 [INFO]    _____  _____  _____ 
2026-08-04 15:54:12 [INFO]   / ____|/ ____|/ ____|
2026-08-04 15:54:12 [INFO]  | |    | (___ | |        [CSC] Version: v1.21.27
2026-08-04 15:54:12 [INFO]  | |     \___ \| |        Minecraft Version: 1.21.1 neoforge
2026-08-04 15:54:12 [INFO]  | |____ ____) | |____    Problem/Feedback: Discord: https://discord.gg/rQV5JPauY7
2026-08-04 15:54:12 [INFO]   \_____|_____/ \_____|
2026-08-04 15:54:12 [INFO]                        
2026-08-04 17:39:01 [INFO] thread run！goal =》./schematics/uploaded/CardboardBoxMan/giant_mechanical_crab.nbt
2026-08-04 17:39:01 [INFO] Meow, output schematic item list!
2026-08-04 17:39:01 [INFO] bibi~ scan success time consume：81 ms
2026-08-04 18:08:22 [INFO] CSC is loading...   Success！
2026-08-04 18:09:05 [INFO]    _____  _____  _____ 
2026-08-04 18:09:05 [INFO]   / ____|/ ____|/ ____|
2026-08-04 18:09:05 [INFO]  | |    | (___ | |        [CSC] Version: v1.21.27
2026-08-04 18:09:05 [INFO]  | |     \___ \| |        Minecraft Version: 1.21.1 neoforge
2026-08-04 18:09:05 [INFO]  | |____ ____) | |____    Problem/Feedback: Discord: https://discord.gg/rQV5JPauY7
2026-08-04 18:09:05 [INFO]   \_____|_____/ \_____|
2026-08-04 18:09:05 [INFO]                        
2026-08-04 18:14:09 [INFO] CSC is loading...   Success！
2026-08-04 18:14:43 [INFO]    _____  _____  _____ 
2026-08-04 18:14:43 [INFO]   / ____|/ ____|/ ____|
2026-08-04 18:14:43 [INFO]  | |    | (___ | |        [CSC] Version: v1.21.27
2026-08-04 18:14:43 [INFO]  | |     \___ \| |        Minecraft Version: 1.21.1 neoforge
2026-08-04 18:14:43 [INFO]  | |____ ____) | |____    Problem/Feedback: Discord: https://discord.gg/rQV5JPauY7
2026-08-04 18:14:43 [INFO]   \_____|_____/ \_____|
2026-08-04 18:14:43 [INFO]                        
2026-08-04 23:32:35 [INFO] CSC is loading...   Success！
2026-08-04 23:35:20 [INFO]    _____  _____  _____ 
2026-08-04 23:35:20 [INFO]   / ____|/ ____|/ ____|
2026-08-04 23:35:20 [INFO]  | |    | (___ | |        [CSC] Version: v1.21.27
2026-08-04 23:35:20 [INFO]  | |     \___ \| |        Minecraft Version: 1.21.1 neoforge
2026-08-04 23:35:20 [INFO]  | |____ ____) | |____    Problem/Feedback: Discord: https://discord.gg/rQV5JPauY7
2026-08-04 23:35:20 [INFO]   \_____|_____/ \_____|
2026-08-04 23:35:20 [INFO]                        
2026-08-05 00:34:40 [INFO] CSC is loading...   Success！
2026-08-05 00:38:04 [INFO] CSC is loading...   Success！
2026-08-05 00:38:56 [INFO]    _____  _____  _____ 
2026-08-05 00:38:56 [INFO]   / ____|/ ____|/ ____|
2026-08-05 00:38:56 [INFO]  | |    | (___ | |        [CSC] Version: v1.21.27
2026-08-05 00:38:56 [INFO]  | |     \___ \| |        Minecraft Version: 1.21.1 neoforge
2026-08-05 00:38:56 [INFO]  | |____ ____) | |____    Problem/Feedback: Discord: https://discord.gg/rQV5JPauY7
2026-08-05 00:38:56 [INFO]   \_____|_____/ \_____|
2026-08-05 00:38:56 [INFO]                        
2026-08-05 02:02:53 [INFO] CSC close completely, thanks for using!
2026-08-05 13:25:18 [INFO] CSC is loading...   Success！
2026-08-05 13:35:20 [INFO]    _____  _____  _____ 
2026-08-05 13:35:20 [INFO]   / ____|/ ____|/ ____|
2026-08-05 13:35:20 [INFO]  | |    | (___ | |        [CSC] Version: v1.21.27
2026-08-05 13:35:20 [INFO]  | |     \___ \| |        Minecraft Version: 1.21.1 neoforge
2026-08-05 13:35:20 [INFO]  | |____ ____) | |____    Problem/Feedback: Discord: https://discord.gg/rQV5JPauY7
2026-08-05 13:35:20 [INFO]   \_____|_____/ \_____|
2026-08-05 13:35:20 [INFO]                        
2026-08-05 13:42:36 [INFO] CSC is loading...   Success！
2026-08-05 13:43:44 [INFO]    _____  _____  _____ 
2026-08-05 13:43:44 [INFO]   / ____|/ ____|/ ____|
2026-08-05 13:43:44 [INFO]  | |    | (___ | |        [CSC] Version: v1.21.27
2026-08-05 13:43:44 [INFO]  | |     \___ \| |        Minecraft Version: 1.21.1 neoforge
2026-08-05 13:43:44 [INFO]  | |____ ____) | |____    Problem/Feedback: Discord: https://discord.gg/rQV5JPauY7
2026-08-05 13:43:44 [INFO]   \_____|_____/ \_____|
2026-08-05 13:43:44 [INFO]                        
2026-08-05 14:38:12 [INFO] CSC is loading...   Success！
2026-08-05 14:42:49 [INFO] CSC is loading...   Success！
2026-08-05 14:47:31 [INFO]    _____  _____  _____ 
2026-08-05 14:47:31 [INFO]   / ____|/ ____|/ ____|
2026-08-05 14:47:31 [INFO]  | |    | (___ | |        [CSC] Version: v1.21.27
2026-08-05 14:47:31 [INFO]  | |     \___ \| |        Minecraft Version: 1.21.1 neoforge
2026-08-05 14:47:31 [INFO]  | |____ ____) | |____    Problem/Feedback: Discord: https://discord.gg/rQV5JPauY7
2026-08-05 14:47:31 [INFO]   \_____|_____/ \_____|
2026-08-05 14:47:31 [INFO]                        
2026-08-05 14:52:31 [INFO] CSC is loading...   Success！
2026-08-05 14:57:01 [INFO]    _____  _____  _____ 
2026-08-05 14:57:01 [INFO]   / ____|/ ____|/ ____|
2026-08-05 14:57:01 [INFO]  | |    | (___ | |        [CSC] Version: v1.21.27
2026-08-05 14:57:01 [INFO]  | |     \___ \| |        Minecraft Version: 1.21.1 neoforge
2026-08-05 14:57:01 [INFO]  | |____ ____) | |____    Problem/Feedback: Discord: https://discord.gg/rQV5JPauY7
2026-08-05 14:57:01 [INFO]   \_____|_____/ \_____|
2026-08-05 14:57:01 [INFO]                        
2026-08-05 16:06:48 [INFO] CSC close completely, thanks for using!
2026-08-05 16:07:33 [INFO] CSC is loading...   Success！
2026-08-05 16:18:11 [INFO] CSC is loading...   Success！
2026-08-05 16:29:56 [INFO]    _____  _____  _____ 
2026-08-05 16:29:56 [INFO]   / ____|/ ____|/ ____|
2026-08-05 16:29:56 [INFO]  | |    | (___ | |        [CSC] Version: v1.21.27
2026-08-05 16:29:56 [INFO]  | |     \___ \| |        Minecraft Version: 1.21.1 neoforge
2026-08-05 16:29:56 [INFO]  | |____ ____) | |____    Problem/Feedback: Discord: https://discord.gg/rQV5JPauY7
2026-08-05 16:29:56 [INFO]   \_____|_____/ \_____|
2026-08-05 16:29:56 [INFO]                        
2026-08-05 16:39:39 [INFO] CSC close completely, thanks for using!
2026-08-05 16:40:10 [INFO]    _____  _____  _____ 
2026-08-05 16:40:10 [INFO]   / ____|/ ____|/ ____|
2026-08-05 16:40:10 [INFO]  | |    | (___ | |        [CSC] Version: v1.21.27
2026-08-05 16:40:10 [INFO]  | |     \___ \| |        Minecraft Version: 1.21.1 neoforge
2026-08-05 16:40:10 [INFO]  | |____ ____) | |____    Problem/Feedback: Discord: https://discord.gg/rQV5JPauY7
2026-08-05 16:40:10 [INFO]   \_____|_____/ \_____|
2026-08-05 16:40:10 [INFO]                        
2026-08-05 16:50:59 [INFO] CSC close completely, thanks for using!
2026-08-05 16:51:16 [INFO]    _____  _____  _____ 
2026-08-05 16:51:16 [INFO]   / ____|/ ____|/ ____|
2026-08-05 16:51:16 [INFO]  | |    | (___ | |        [CSC] Version: v1.21.27
2026-08-05 16:51:16 [INFO]  | |     \___ \| |        Minecraft Version: 1.21.1 neoforge
2026-08-05 16:51:16 [INFO]  | |____ ____) | |____    Problem/Feedback: Discord: https://discord.gg/rQV5JPauY7
2026-08-05 16:51:16 [INFO]   \_____|_____/ \_____|
2026-08-05 16:51:16 [INFO]                        
2026-08-05 16:58:04 [INFO] CSC is loading...   Success！
2026-08-05 17:04:28 [INFO]    _____  _____  _____ 
2026-08-05 17:04:28 [INFO]   / ____|/ ____|/ ____|
2026-08-05 17:04:28 [INFO]  | |    | (___ | |        [CSC] Version: v1.21.27
2026-08-05 17:04:28 [INFO]  | |     \___ \| |        Minecraft Version: 1.21.1 neoforge
2026-08-05 17:04:28 [INFO]  | |____ ____) | |____    Problem/Feedback: Discord: https://discord.gg/rQV5JPauY7
2026-08-05 17:04:28 [INFO]   \_____|_____/ \_____|
2026-08-05 17:04:28 [INFO]                        
2026-08-05 17:11:25 [INFO] CSC is loading...   Success！
2026-08-05 17:13:23 [INFO]    _____  _____  _____ 
2026-08-05 17:13:23 [INFO]   / ____|/ ____|/ ____|
2026-08-05 17:13:23 [INFO]  | |    | (___ | |        [CSC] Version: v1.21.27
2026-08-05 17:13:23 [INFO]  | |     \___ \| |        Minecraft Version: 1.21.1 neoforge
2026-08-05 17:13:23 [INFO]  | |____ ____) | |____    Problem/Feedback: Discord: https://discord.gg/rQV5JPauY7
2026-08-05 17:13:23 [INFO]   \_____|_____/ \_____|
2026-08-05 17:13:23 [INFO]                        
2026-08-05 17:48:27 [INFO] CSC is loading...   Success！
2026-08-05 17:49:34 [INFO]    _____  _____  _____ 
2026-08-05 17:49:34 [INFO]   / ____|/ ____|/ ____|
2026-08-05 17:49:34 [INFO]  | |    | (___ | |        [CSC] Version: v1.21.27
2026-08-05 17:49:34 [INFO]  | |     \___ \| |        Minecraft Version: 1.21.1 neoforge
2026-08-05 17:49:34 [INFO]  | |____ ____) | |____    Problem/Feedback: Discord: https://discord.gg/rQV5JPauY7
2026-08-05 17:49:34 [INFO]   \_____|_____/ \_____|
2026-08-05 17:49:34 [INFO]                        
2026-08-05 17:57:18 [INFO] CSC is loading...   Success！
2026-08-05 17:58:30 [INFO]    _____  _____  _____ 
2026-08-05 17:58:30 [INFO]   / ____|/ ____|/ ____|
2026-08-05 17:58:30 [INFO]  | |    | (___ | |        [CSC] Version: v1.21.27
2026-08-05 17:58:30 [INFO]  | |     \___ \| |        Minecraft Version: 1.21.1 neoforge
2026-08-05 17:58:30 [INFO]  | |____ ____) | |____    Problem/Feedback: Discord: https://discord.gg/rQV5JPauY7
2026-08-05 17:58:30 [INFO]   \_____|_____/ \_____|
2026-08-05 17:58:30 [INFO]                        
2026-08-05 18:03:26 [INFO] CSC is loading...   Success！
2026-08-05 18:04:55 [INFO]    _____  _____  _____ 
2026-08-05 18:04:55 [INFO]   / ____|/ ____|/ ____|
2026-08-05 18:04:55 [INFO]  | |    | (___ | |        [CSC] Version: v1.21.27
2026-08-05 18:04:55 [INFO]  | |     \___ \| |        Minecraft Version: 1.21.1 neoforge
2026-08-05 18:04:55 [INFO]  | |____ ____) | |____    Problem/Feedback: Discord: https://discord.gg/rQV5JPauY7
2026-08-05 18:04:55 [INFO]   \_____|_____/ \_____|
2026-08-05 18:04:55 [INFO]                        
2026-08-05 18:09:37 [INFO] CSC is loading...   Success！
2026-08-05 18:10:21 [INFO]    _____  _____  _____ 
2026-08-05 18:10:21 [INFO]   / ____|/ ____|/ ____|
2026-08-05 18:10:21 [INFO]  | |    | (___ | |        [CSC] Version: v1.21.27
2026-08-05 18:10:21 [INFO]  | |     \___ \| |        Minecraft Version: 1.21.1 neoforge
2026-08-05 18:10:21 [INFO]  | |____ ____) | |____    Problem/Feedback: Discord: https://discord.gg/rQV5JPauY7
2026-08-05 18:10:21 [INFO]   \_____|_____/ \_____|
2026-08-05 18:10:21 [INFO]                        
2026-08-05 18:17:15 [INFO] CSC close completely, thanks for using!
2026-08-05 18:17:41 [INFO]    _____  _____  _____ 
2026-08-05 18:17:41 [INFO]   / ____|/ ____|/ ____|
2026-08-05 18:17:41 [INFO]  | |    | (___ | |        [CSC] Version: v1.21.27
2026-08-05 18:17:41 [INFO]  | |     \___ \| |        Minecraft Version: 1.21.1 neoforge
2026-08-05 18:17:41 [INFO]  | |____ ____) | |____    Problem/Feedback: Discord: https://discord.gg/rQV5JPauY7
2026-08-05 18:17:41 [INFO]   \_____|_____/ \_____|
2026-08-05 18:17:41 [INFO]                        
2026-08-05 18:23:48 [INFO] CSC is loading...   Success！
2026-08-05 18:24:53 [INFO]    _____  _____  _____ 
2026-08-05 18:24:53 [INFO]   / ____|/ ____|/ ____|
2026-08-05 18:24:53 [INFO]  | |    | (___ | |        [CSC] Version: v1.21.27
2026-08-05 18:24:53 [INFO]  | |     \___ \| |        Minecraft Version: 1.21.1 neoforge
2026-08-05 18:24:53 [INFO]  | |____ ____) | |____    Problem/Feedback: Discord: https://discord.gg/rQV5JPauY7
2026-08-05 18:24:53 [INFO]   \_____|_____/ \_____|
2026-08-05 18:24:53 [INFO]                        
2026-08-05 18:32:40 [INFO] CSC is loading...   Success！
2026-08-05 19:41:48 [INFO]    _____  _____  _____ 
2026-08-05 19:41:48 [INFO]   / ____|/ ____|/ ____|
2026-08-05 19:41:48 [INFO]  | |    | (___ | |        [CSC] Version: v1.21.27
2026-08-05 19:41:48 [INFO]  | |     \___ \| |        Minecraft Version: 1.21.1 neoforge
2026-08-05 19:41:48 [INFO]  | |____ ____) | |____    Problem/Feedback: Discord: https://discord.gg/rQV5JPauY7
2026-08-05 19:41:48 [INFO]   \_____|_____/ \_____|
2026-08-05 19:41:48 [INFO]                        
2026-08-05 19:53:17 [INFO] CSC is loading...   Success！
2026-08-05 19:54:19 [INFO]    _____  _____  _____ 
2026-08-05 19:54:19 [INFO]   / ____|/ ____|/ ____|
2026-08-05 19:54:19 [INFO]  | |    | (___ | |        [CSC] Version: v1.21.27
2026-08-05 19:54:19 [INFO]  | |     \___ \| |        Minecraft Version: 1.21.1 neoforge
2026-08-05 19:54:19 [INFO]  | |____ ____) | |____    Problem/Feedback: Discord: https://discord.gg/rQV5JPauY7
2026-08-05 19:54:19 [INFO]   \_____|_____/ \_____|
2026-08-05 19:54:19 [INFO]                        
2026-08-05 19:59:36 [INFO] CSC is loading...   Success！
2026-08-05 20:00:27 [INFO]    _____  _____  _____ 
2026-08-05 20:00:27 [INFO]   / ____|/ ____|/ ____|
2026-08-05 20:00:27 [INFO]  | |    | (___ | |        [CSC] Version: v1.21.27
2026-08-05 20:00:27 [INFO]  | |     \___ \| |        Minecraft Version: 1.21.1 neoforge
2026-08-05 20:00:27 [INFO]  | |____ ____) | |____    Problem/Feedback: Discord: https://discord.gg/rQV5JPauY7
2026-08-05 20:00:27 [INFO]   \_____|_____/ \_____|
2026-08-05 20:00:27 [INFO]                        
2026-08-05 20:05:20 [INFO] CSC is loading...   Success！
2026-08-05 20:05:59 [INFO]    _____  _____  _____ 
2026-08-05 20:05:59 [INFO]   / ____|/ ____|/ ____|
2026-08-05 20:05:59 [INFO]  | |    | (___ | |        [CSC] Version: v1.21.27
2026-08-05 20:05:59 [INFO]  | |     \___ \| |        Minecraft Version: 1.21.1 neoforge
2026-08-05 20:05:59 [INFO]  | |____ ____) | |____    Problem/Feedback: Discord: https://discord.gg/rQV5JPauY7
2026-08-05 20:05:59 [INFO]   \_____|_____/ \_____|
2026-08-05 20:05:59 [INFO]                        
2026-08-05 20:09:28 [INFO] CSC is loading...   Success！
2026-08-05 20:10:36 [INFO]    _____  _____  _____ 
2026-08-05 20:10:36 [INFO]   / ____|/ ____|/ ____|
2026-08-05 20:10:36 [INFO]  | |    | (___ | |        [CSC] Version: v1.21.27
2026-08-05 20:10:36 [INFO]  | |     \___ \| |        Minecraft Version: 1.21.1 neoforge
2026-08-05 20:10:36 [INFO]  | |____ ____) | |____    Problem/Feedback: Discord: https://discord.gg/rQV5JPauY7
2026-08-05 20:10:36 [INFO]   \_____|_____/ \_____|
2026-08-05 20:10:36 [INFO]                        
2026-08-05 20:14:30 [INFO] CSC is loading...   Success！
2026-08-05 20:16:29 [INFO]    _____  _____  _____ 
2026-08-05 20:16:29 [INFO]   / ____|/ ____|/ ____|
2026-08-05 20:16:29 [INFO]  | |    | (___ | |        [CSC] Version: v1.21.27
2026-08-05 20:16:29 [INFO]  | |     \___ \| |        Minecraft Version: 1.21.1 neoforge
2026-08-05 20:16:29 [INFO]  | |____ ____) | |____    Problem/Feedback: Discord: https://discord.gg/rQV5JPauY7
2026-08-05 20:16:29 [INFO]   \_____|_____/ \_____|
2026-08-05 20:16:29 [INFO]                        
2026-08-05 20:18:34 [INFO] CSC close completely, thanks for using!
2026-08-05 20:20:12 [INFO] CSC is loading...   Success！
2026-08-05 20:20:58 [INFO]    _____  _____  _____ 
2026-08-05 20:20:58 [INFO]   / ____|/ ____|/ ____|
2026-08-05 20:20:58 [INFO]  | |    | (___ | |        [CSC] Version: v1.21.27
2026-08-05 20:20:58 [INFO]  | |     \___ \| |        Minecraft Version: 1.21.1 neoforge
2026-08-05 20:20:58 [INFO]  | |____ ____) | |____    Problem/Feedback: Discord: https://discord.gg/rQV5JPauY7
2026-08-05 20:20:58 [INFO]   \_____|_____/ \_____|
2026-08-05 20:20:58 [INFO]                        
2026-08-05 21:35:52 [INFO] CSC close completely, thanks for using!
2026-08-05 21:36:37 [INFO] CSC is loading...   Success！
2026-08-05 21:37:28 [INFO]    _____  _____  _____ 
2026-08-05 21:37:28 [INFO]   / ____|/ ____|/ ____|
2026-08-05 21:37:28 [INFO]  | |    | (___ | |        [CSC] Version: v1.21.27
2026-08-05 21:37:28 [INFO]  | |     \___ \| |        Minecraft Version: 1.21.1 neoforge
2026-08-05 21:37:28 [INFO]  | |____ ____) | |____    Problem/Feedback: Discord: https://discord.gg/rQV5JPauY7
2026-08-05 21:37:28 [INFO]   \_____|_____/ \_____|
2026-08-05 21:37:28 [INFO]                        
2026-08-05 23:30:27 [INFO] CSC close completely, thanks for using!
2026-08-05 23:31:36 [INFO] CSC is loading...   Success！
2026-08-05 23:40:28 [INFO] CSC is loading...   Success！
2026-08-05 23:47:26 [INFO] CSC is loading...   Success！
2026-08-05 23:50:40 [INFO] CSC is loading...   Success！
2026-08-05 23:51:46 [INFO]    _____  _____  _____ 
2026-08-05 23:51:46 [INFO]   / ____|/ ____|/ ____|
2026-08-05 23:51:46 [INFO]  | |    | (___ | |        [CSC] Version: v1.21.27
2026-08-05 23:51:46 [INFO]  | |     \___ \| |        Minecraft Version: 1.21.1 neoforge
2026-08-05 23:51:46 [INFO]  | |____ ____) | |____    Problem/Feedback: Discord: https://discord.gg/rQV5JPauY7
2026-08-05 23:51:46 [INFO]   \_____|_____/ \_____|
2026-08-05 23:51:46 [INFO]                        
2026-08-05 23:56:56 [INFO] CSC is loading...   Success！
2026-08-05 23:57:54 [INFO]    _____  _____  _____ 
2026-08-05 23:57:54 [INFO]   / ____|/ ____|/ ____|
2026-08-05 23:57:54 [INFO]  | |    | (___ | |        [CSC] Version: v1.21.27
2026-08-05 23:57:54 [INFO]  | |     \___ \| |        Minecraft Version: 1.21.1 neoforge
2026-08-05 23:57:54 [INFO]  | |____ ____) | |____    Problem/Feedback: Discord: https://discord.gg/rQV5JPauY7
2026-08-05 23:57:54 [INFO]   \_____|_____/ \_____|
2026-08-05 23:57:54 [INFO]                        
2026-08-06 00:00:48 [INFO] CSC is loading...   Success！
2026-08-06 00:01:35 [INFO]    _____  _____  _____ 
2026-08-06 00:01:35 [INFO]   / ____|/ ____|/ ____|
2026-08-06 00:01:35 [INFO]  | |    | (___ | |        [CSC] Version: v1.21.27
2026-08-06 00:01:35 [INFO]  | |     \___ \| |        Minecraft Version: 1.21.1 neoforge
2026-08-06 00:01:35 [INFO]  | |____ ____) | |____    Problem/Feedback: Discord: https://discord.gg/rQV5JPauY7
2026-08-06 00:01:35 [INFO]   \_____|_____/ \_____|
2026-08-06 00:01:35 [INFO]                        
2026-08-06 00:12:54 [INFO] CSC is loading...   Success！
2026-08-06 00:14:08 [INFO]    _____  _____  _____ 
2026-08-06 00:14:08 [INFO]   / ____|/ ____|/ ____|
2026-08-06 00:14:08 [INFO]  | |    | (___ | |        [CSC] Version: v1.21.27
2026-08-06 00:14:08 [INFO]  | |     \___ \| |        Minecraft Version: 1.21.1 neoforge
2026-08-06 00:14:08 [INFO]  | |____ ____) | |____    Problem/Feedback: Discord: https://discord.gg/rQV5JPauY7
2026-08-06 00:14:08 [INFO]   \_____|_____/ \_____|
2026-08-06 00:14:08 [INFO]                        
2026-08-06 00:21:48 [INFO] CSC close completely, thanks for using!
2026-08-06 19:48:01 [INFO] CSC is loading...   Success！
2026-08-06 19:53:11 [INFO]    _____  _____  _____ 
2026-08-06 19:53:11 [INFO]   / ____|/ ____|/ ____|
2026-08-06 19:53:11 [INFO]  | |    | (___ | |        [CSC] Version: v1.21.27
2026-08-06 19:53:11 [INFO]  | |     \___ \| |        Minecraft Version: 1.21.1 neoforge
2026-08-06 19:53:11 [INFO]  | |____ ____) | |____    Problem/Feedback: Discord: https://discord.gg/rQV5JPauY7
2026-08-06 19:53:11 [INFO]   \_____|_____/ \_____|
2026-08-06 19:53:11 [INFO]                        
2026-08-06 20:00:41 [INFO] CSC close completely, thanks for using!
2026-08-06 20:01:12 [INFO]    _____  _____  _____ 
2026-08-06 20:01:12 [INFO]   / ____|/ ____|/ ____|
2026-08-06 20:01:12 [INFO]  | |    | (___ | |        [CSC] Version: v1.21.27
2026-08-06 20:01:12 [INFO]  | |     \___ \| |        Minecraft Version: 1.21.1 neoforge
2026-08-06 20:01:12 [INFO]  | |____ ____) | |____    Problem/Feedback: Discord: https://discord.gg/rQV5JPauY7
2026-08-06 20:01:12 [INFO]   \_____|_____/ \_____|
2026-08-06 20:01:12 [INFO]                        
2026-08-06 20:12:15 [INFO] CSC close completely, thanks for using!
2026-08-06 20:14:55 [INFO] CSC is loading...   Success！
2026-08-06 20:15:39 [INFO]    _____  _____  _____ 
2026-08-06 20:15:39 [INFO]   / ____|/ ____|/ ____|
2026-08-06 20:15:39 [INFO]  | |    | (___ | |        [CSC] Version: v1.21.27
2026-08-06 20:15:39 [INFO]  | |     \___ \| |        Minecraft Version: 1.21.1 neoforge
2026-08-06 20:15:39 [INFO]  | |____ ____) | |____    Problem/Feedback: Discord: https://discord.gg/rQV5JPauY7
2026-08-06 20:15:39 [INFO]   \_____|_____/ \_____|
2026-08-06 20:15:39 [INFO]                        
2026-08-07 18:50:19 [INFO] CSC is loading...   Success！
2026-08-07 18:52:04 [INFO]    _____  _____  _____ 
2026-08-07 18:52:04 [INFO]   / ____|/ ____|/ ____|
2026-08-07 18:52:04 [INFO]  | |    | (___ | |        [CSC] Version: v1.21.27
2026-08-07 18:52:04 [INFO]  | |     \___ \| |        Minecraft Version: 1.21.1 neoforge
2026-08-07 18:52:04 [INFO]  | |____ ____) | |____    Problem/Feedback: Discord: https://discord.gg/rQV5JPauY7
2026-08-07 18:52:04 [INFO]   \_____|_____/ \_____|
2026-08-07 18:52:04 [INFO]                        
2026-08-07 19:15:05 [INFO] CSC is loading...   Success！
2026-08-07 19:17:01 [INFO]    _____  _____  _____ 
2026-08-07 19:17:01 [INFO]   / ____|/ ____|/ ____|
2026-08-07 19:17:01 [INFO]  | |    | (___ | |        [CSC] Version: v1.21.27
2026-08-07 19:17:01 [INFO]  | |     \___ \| |        Minecraft Version: 1.21.1 neoforge
2026-08-07 19:17:01 [INFO]  | |____ ____) | |____    Problem/Feedback: Discord: https://discord.gg/rQV5JPauY7
2026-08-07 19:17:01 [INFO]   \_____|_____/ \_____|
2026-08-07 19:17:01 [INFO]                        
2026-08-07 19:28:01 [INFO] CSC close completely, thanks for using!
2026-08-07 19:28:40 [INFO]    _____  _____  _____ 
2026-08-07 19:28:40 [INFO]   / ____|/ ____|/ ____|
2026-08-07 19:28:40 [INFO]  | |    | (___ | |        [CSC] Version: v1.21.27
2026-08-07 19:28:40 [INFO]  | |     \___ \| |        Minecraft Version: 1.21.1 neoforge
2026-08-07 19:28:40 [INFO]  | |____ ____) | |____    Problem/Feedback: Discord: https://discord.gg/rQV5JPauY7
2026-08-07 19:28:40 [INFO]   \_____|_____/ \_____|
2026-08-07 19:28:40 [INFO]                        
2026-08-07 19:41:36 [INFO] CSC is loading...   Success！
2026-08-07 19:53:10 [INFO]    _____  _____  _____ 
2026-08-07 19:53:10 [INFO]   / ____|/ ____|/ ____|
2026-08-07 19:53:10 [INFO]  | |    | (___ | |        [CSC] Version: v1.21.27
2026-08-07 19:53:10 [INFO]  | |     \___ \| |        Minecraft Version: 1.21.1 neoforge
2026-08-07 19:53:10 [INFO]  | |____ ____) | |____    Problem/Feedback: Discord: https://discord.gg/rQV5JPauY7
2026-08-07 19:53:10 [INFO]   \_____|_____/ \_____|
2026-08-07 19:53:10 [INFO]                        
2026-08-07 20:26:59 [INFO] CSC is loading...   Success！
2026-08-07 20:28:43 [INFO]    _____  _____  _____ 
2026-08-07 20:28:43 [INFO]   / ____|/ ____|/ ____|
2026-08-07 20:28:43 [INFO]  | |    | (___ | |        [CSC] Version: v1.21.27
2026-08-07 20:28:43 [INFO]  | |     \___ \| |        Minecraft Version: 1.21.1 neoforge
2026-08-07 20:28:43 [INFO]  | |____ ____) | |____    Problem/Feedback: Discord: https://discord.gg/rQV5JPauY7
2026-08-07 20:28:43 [INFO]   \_____|_____/ \_____|
2026-08-07 20:28:43 [INFO]                        
2026-08-07 20:33:32 [INFO] CSC is loading...   Success！
2026-08-07 20:34:25 [INFO]    _____  _____  _____ 
2026-08-07 20:34:25 [INFO]   / ____|/ ____|/ ____|
2026-08-07 20:34:25 [INFO]  | |    | (___ | |        [CSC] Version: v1.21.27
2026-08-07 20:34:25 [INFO]  | |     \___ \| |        Minecraft Version: 1.21.1 neoforge
2026-08-07 20:34:25 [INFO]  | |____ ____) | |____    Problem/Feedback: Discord: https://discord.gg/rQV5JPauY7
2026-08-07 20:34:25 [INFO]   \_____|_____/ \_____|
2026-08-07 20:34:25 [INFO]                        
2026-08-07 20:36:22 [INFO] CSC is loading...   Success！
2026-08-07 20:37:11 [INFO]    _____  _____  _____ 
2026-08-07 20:37:11 [INFO]   / ____|/ ____|/ ____|
2026-08-07 20:37:11 [INFO]  | |    | (___ | |        [CSC] Version: v1.21.27
2026-08-07 20:37:11 [INFO]  | |     \___ \| |        Minecraft Version: 1.21.1 neoforge
2026-08-07 20:37:11 [INFO]  | |____ ____) | |____    Problem/Feedback: Discord: https://discord.gg/rQV5JPauY7
2026-08-07 20:37:11 [INFO]   \_____|_____/ \_____|
2026-08-07 20:37:11 [INFO]                        
2026-08-07 20:49:05 [INFO] CSC is loading...   Success！
2026-08-07 20:50:22 [INFO]    _____  _____  _____ 
2026-08-07 20:50:22 [INFO]   / ____|/ ____|/ ____|
2026-08-07 20:50:22 [INFO]  | |    | (___ | |        [CSC] Version: v1.21.27
2026-08-07 20:50:22 [INFO]  | |     \___ \| |        Minecraft Version: 1.21.1 neoforge
2026-08-07 20:50:22 [INFO]  | |____ ____) | |____    Problem/Feedback: Discord: https://discord.gg/rQV5JPauY7
2026-08-07 20:50:22 [INFO]   \_____|_____/ \_____|
2026-08-07 20:50:22 [INFO]                        
2026-08-07 21:01:45 [INFO] CSC is loading...   Success！
2026-08-07 21:04:03 [INFO] CSC is loading...   Success！
2026-08-07 21:05:35 [INFO]    _____  _____  _____ 
2026-08-07 21:05:35 [INFO]   / ____|/ ____|/ ____|
2026-08-07 21:05:35 [INFO]  | |    | (___ | |        [CSC] Version: v1.21.27
2026-08-07 21:05:35 [INFO]  | |     \___ \| |        Minecraft Version: 1.21.1 neoforge
2026-08-07 21:05:35 [INFO]  | |____ ____) | |____    Problem/Feedback: Discord: https://discord.gg/rQV5JPauY7
2026-08-07 21:05:35 [INFO]   \_____|_____/ \_____|
2026-08-07 21:05:35 [INFO]                        
2026-08-07 22:27:14 [INFO] CSC close completely, thanks for using!
2026-08-07 22:28:45 [INFO] CSC is loading...   Success！
2026-08-07 22:29:21 [INFO]    _____  _____  _____ 
2026-08-07 22:29:21 [INFO]   / ____|/ ____|/ ____|
2026-08-07 22:29:21 [INFO]  | |    | (___ | |        [CSC] Version: v1.21.27
2026-08-07 22:29:21 [INFO]  | |     \___ \| |        Minecraft Version: 1.21.1 neoforge
2026-08-07 22:29:21 [INFO]  | |____ ____) | |____    Problem/Feedback: Discord: https://discord.gg/rQV5JPauY7
2026-08-07 22:29:21 [INFO]   \_____|_____/ \_____|
2026-08-07 22:29:21 [INFO]                        
2026-08-07 22:55:22 [INFO] CSC close completely, thanks for using!
2026-08-07 22:56:03 [INFO]    _____  _____  _____ 
2026-08-07 22:56:03 [INFO]   / ____|/ ____|/ ____|
2026-08-07 22:56:03 [INFO]  | |    | (___ | |        [CSC] Version: v1.21.27
2026-08-07 22:56:03 [INFO]  | |     \___ \| |        Minecraft Version: 1.21.1 neoforge
2026-08-07 22:56:03 [INFO]  | |____ ____) | |____    Problem/Feedback: Discord: https://discord.gg/rQV5JPauY7
2026-08-07 22:56:03 [INFO]   \_____|_____/ \_____|
2026-08-07 22:56:03 [INFO]                        
2026-08-07 23:01:26 [INFO] CSC close completely, thanks for using!
2026-08-07 23:03:40 [INFO] CSC is loading...   Success！
2026-08-07 23:04:53 [INFO]    _____  _____  _____ 
2026-08-07 23:04:53 [INFO]   / ____|/ ____|/ ____|
2026-08-07 23:04:53 [INFO]  | |    | (___ | |        [CSC] Version: v1.21.27
2026-08-07 23:04:53 [INFO]  | |     \___ \| |        Minecraft Version: 1.21.1 neoforge
2026-08-07 23:04:53 [INFO]  | |____ ____) | |____    Problem/Feedback: Discord: https://discord.gg/rQV5JPauY7
2026-08-07 23:04:53 [INFO]   \_____|_____/ \_____|
2026-08-07 23:04:53 [INFO]                        
2026-08-08 10:47:46 [INFO] CSC is loading...   Success！
2026-08-08 10:49:58 [INFO]    _____  _____  _____ 
2026-08-08 10:49:58 [INFO]   / ____|/ ____|/ ____|
2026-08-08 10:49:58 [INFO]  | |    | (___ | |        [CSC] Version: v1.21.27
2026-08-08 10:49:58 [INFO]  | |     \___ \| |        Minecraft Version: 1.21.1 neoforge
2026-08-08 10:49:58 [INFO]  | |____ ____) | |____    Problem/Feedback: Discord: https://discord.gg/rQV5JPauY7
2026-08-08 10:49:58 [INFO]   \_____|_____/ \_____|
2026-08-08 10:49:58 [INFO]                        
2026-08-08 22:36:04 [INFO] CSC is loading...   Success！
2026-08-08 22:38:52 [INFO]    _____  _____  _____ 
2026-08-08 22:38:52 [INFO]   / ____|/ ____|/ ____|
2026-08-08 22:38:52 [INFO]  | |    | (___ | |        [CSC] Version: v1.21.27
2026-08-08 22:38:52 [INFO]  | |     \___ \| |        Minecraft Version: 1.21.1 neoforge
2026-08-08 22:38:52 [INFO]  | |____ ____) | |____    Problem/Feedback: Discord: https://discord.gg/rQV5JPauY7
2026-08-08 22:38:52 [INFO]   \_____|_____/ \_____|
2026-08-08 22:38:52 [INFO]                        
2026-08-08 23:23:29 [INFO] CSC is loading...   Success！
2026-08-08 23:25:25 [INFO]    _____  _____  _____ 
2026-08-08 23:25:25 [INFO]   / ____|/ ____|/ ____|
2026-08-08 23:25:25 [INFO]  | |    | (___ | |        [CSC] Version: v1.21.27
2026-08-08 23:25:25 [INFO]  | |     \___ \| |        Minecraft Version: 1.21.1 neoforge
2026-08-08 23:25:25 [INFO]  | |____ ____) | |____    Problem/Feedback: Discord: https://discord.gg/rQV5JPauY7
2026-08-08 23:25:25 [INFO]   \_____|_____/ \_____|
2026-08-08 23:25:25 [INFO]                        
2026-08-08 23:41:58 [INFO] CSC close completely, thanks for using!
2026-08-08 23:43:29 [INFO] CSC is loading...   Success！
2026-08-08 23:44:23 [INFO]    _____  _____  _____ 
2026-08-08 23:44:23 [INFO]   / ____|/ ____|/ ____|
2026-08-08 23:44:23 [INFO]  | |    | (___ | |        [CSC] Version: v1.21.27
2026-08-08 23:44:23 [INFO]  | |     \___ \| |        Minecraft Version: 1.21.1 neoforge
2026-08-08 23:44:23 [INFO]  | |____ ____) | |____    Problem/Feedback: Discord: https://discord.gg/rQV5JPauY7
2026-08-08 23:44:23 [INFO]   \_____|_____/ \_____|
2026-08-08 23:44:23 [INFO]                        
2026-08-09 00:04:46 [INFO] CSC is loading...   Success！
2026-08-09 00:25:49 [INFO]    _____  _____  _____ 
2026-08-09 00:25:49 [INFO]   / ____|/ ____|/ ____|
2026-08-09 00:25:49 [INFO]  | |    | (___ | |        [CSC] Version: v1.21.27
2026-08-09 00:25:49 [INFO]  | |     \___ \| |        Minecraft Version: 1.21.1 neoforge
2026-08-09 00:25:49 [INFO]  | |____ ____) | |____    Problem/Feedback: Discord: https://discord.gg/rQV5JPauY7
2026-08-09 00:25:49 [INFO]   \_____|_____/ \_____|
2026-08-09 00:25:49 [INFO]                        
2026-08-09 00:43:35 [INFO] CSC is loading...   Success！
2026-08-09 00:44:44 [INFO]    _____  _____  _____ 
2026-08-09 00:44:44 [INFO]   / ____|/ ____|/ ____|
2026-08-09 00:44:44 [INFO]  | |    | (___ | |        [CSC] Version: v1.21.27
2026-08-09 00:44:44 [INFO]  | |     \___ \| |        Minecraft Version: 1.21.1 neoforge
2026-08-09 00:44:44 [INFO]  | |____ ____) | |____    Problem/Feedback: Discord: https://discord.gg/rQV5JPauY7
2026-08-09 00:44:44 [INFO]   \_____|_____/ \_____|
2026-08-09 00:44:44 [INFO]                        
2026-08-09 01:13:46 [INFO] CSC is loading...   Success！
2026-08-09 01:14:40 [INFO]    _____  _____  _____ 
2026-08-09 01:14:40 [INFO]   / ____|/ ____|/ ____|
2026-08-09 01:14:40 [INFO]  | |    | (___ | |        [CSC] Version: v1.21.27
2026-08-09 01:14:40 [INFO]  | |     \___ \| |        Minecraft Version: 1.21.1 neoforge
2026-08-09 01:14:40 [INFO]  | |____ ____) | |____    Problem/Feedback: Discord: https://discord.gg/rQV5JPauY7
2026-08-09 01:14:40 [INFO]   \_____|_____/ \_____|
2026-08-09 01:14:40 [INFO]                        
2026-08-09 01:25:36 [INFO] CSC is loading...   Success！
2026-08-09 01:26:50 [INFO]    _____  _____  _____ 
2026-08-09 01:26:50 [INFO]   / ____|/ ____|/ ____|
2026-08-09 01:26:50 [INFO]  | |    | (___ | |        [CSC] Version: v1.21.27
2026-08-09 01:26:50 [INFO]  | |     \___ \| |        Minecraft Version: 1.21.1 neoforge
2026-08-09 01:26:50 [INFO]  | |____ ____) | |____    Problem/Feedback: Discord: https://discord.gg/rQV5JPauY7
2026-08-09 01:26:50 [INFO]   \_____|_____/ \_____|
2026-08-09 01:26:50 [INFO]                        
2026-08-23 20:02:48 [WARN] [CSC] Old config.toml archived to C:\Users\Goob\curseforge\minecraft\Instances\Cre8 Xpl0r3\config\CSC\config_old_2026_08_23_20_02_48.toml because ConfigVersion changed from 1.21.27 to 2.27.43
2026-08-23 20:02:50 [INFO] CSC is loading...   Success！
2026-08-23 20:10:35 [INFO] CSC is loading...   Success！
2026-08-23 21:38:07 [INFO] CSC is loading...   Success！
2026-08-23 21:44:28 [INFO]    _____  _____  _____ 
2026-08-23 21:44:28 [INFO]   / ____|/ ____|/ ____|
2026-08-23 21:44:28 [INFO]  | |    | (___ | |        [CSC] Version: v2.27.43
2026-08-23 21:44:28 [INFO]  | |     \___ \| |        Minecraft Version: 1.21.1 neoforge
2026-08-23 21:44:28 [INFO]  | |____ ____) | |____    Problem/Feedback: Discord: https://discord.gg/rQV5JPauY7
2026-08-23 21:44:28 [INFO]   \_____|_____/ \_____|
2026-08-23 21:44:28 [INFO]                        
2026-08-23 21:49:32 [INFO] CSC close completely, thanks for using!
2026-08-23 21:49:45 [INFO]    _____  _____  _____ 
2026-08-23 21:49:45 [INFO]   / ____|/ ____|/ ____|
2026-08-23 21:49:45 [INFO]  | |    | (___ | |        [CSC] Version: v2.27.43
2026-08-23 21:49:45 [INFO]  | |     \___ \| |        Minecraft Version: 1.21.1 neoforge
2026-08-23 21:49:45 [INFO]  | |____ ____) | |____    Problem/Feedback: Discord: https://discord.gg/rQV5JPauY7
2026-08-23 21:49:45 [INFO]   \_____|_____/ \_____|
2026-08-23 21:49:45 [INFO]                        
2026-08-23 22:27:59 [INFO] CSC is loading...   Success！
2026-08-23 22:31:11 [INFO]    _____  _____  _____ 
2026-08-23 22:31:11 [INFO]   / ____|/ ____|/ ____|
2026-08-23 22:31:11 [INFO]  | |    | (___ | |        [CSC] Version: v2.27.43
2026-08-23 22:31:11 [INFO]  | |     \___ \| |        Minecraft Version: 1.21.1 neoforge
2026-08-23 22:31:11 [INFO]  | |____ ____) | |____    Problem/Feedback: Discord: https://discord.gg/rQV5JPauY7
2026-08-23 22:31:11 [INFO]   \_____|_____/ \_____|
2026-08-23 22:31:11 [INFO]                        
2026-08-23 22:46:31 [INFO] CSC is loading...   Success！
2026-08-23 22:47:10 [INFO]    _____  _____  _____ 
2026-08-23 22:47:10 [INFO]   / ____|/ ____|/ ____|
2026-08-23 22:47:10 [INFO]  | |    | (___ | |        [CSC] Version: v2.27.43
2026-08-23 22:47:10 [INFO]  | |     \___ \| |        Minecraft Version: 1.21.1 neoforge
2026-08-23 22:47:10 [INFO]  | |____ ____) | |____    Problem/Feedback: Discord: https://discord.gg/rQV5JPauY7
2026-08-23 22:47:10 [INFO]   \_____|_____/ \_____|
2026-08-23 22:47:10 [INFO]                        
2026-08-23 22:52:29 [INFO] CSC close completely, thanks for using!
2026-08-27 15:59:57 [INFO] CSC is loading...   Success！
2026-08-27 16:00:53 [INFO]    _____  _____  _____ 
2026-08-27 16:00:53 [INFO]   / ____|/ ____|/ ____|
2026-08-27 16:00:53 [INFO]  | |    | (___ | |        [CSC] Version: v2.27.43
2026-08-27 16:00:53 [INFO]  | |     \___ \| |        Minecraft Version: 1.21.1 neoforge
2026-08-27 16:00:53 [INFO]  | |____ ____) | |____    Problem/Feedback: Discord: https://discord.gg/rQV5JPauY7
2026-08-27 16:00:53 [INFO]   \_____|_____/ \_____|
2026-08-27 16:00:53 [INFO]                        
2026-08-27 17:43:04 [WARN] [CSC] Old config.toml archived to C:\Users\Goob\curseforge\minecraft\Instances\Cre8 Xpl0r3\config\CSC\config_old_2026_08_27_17_43_03.toml because ConfigVersion changed from 2.27.43 to 2.27.45
2026-08-27 17:43:06 [INFO] CSC is loading...   Success！
2026-08-27 18:06:22 [INFO] CSC is loading...   Success！
2026-08-27 18:07:58 [INFO]    _____  _____  _____ 
2026-08-27 18:07:58 [INFO]   / ____|/ ____|/ ____|
2026-08-27 18:07:58 [INFO]  | |    | (___ | |        [CSC] Version: v2.27.45
2026-08-27 18:07:58 [INFO]  | |     \___ \| |        Minecraft Version: 1.21.1 neoforge
2026-08-27 18:07:58 [INFO]  | |____ ____) | |____    Problem/Feedback: Discord: https://discord.gg/rQV5JPauY7
2026-08-27 18:07:58 [INFO]   \_____|_____/ \_____|
2026-08-27 18:07:58 [INFO]                        
2026-08-27 18:10:07 [INFO] CSC is loading...   Success！
2026-08-27 18:16:39 [INFO]    _____  _____  _____ 
2026-08-27 18:16:39 [INFO]   / ____|/ ____|/ ____|
2026-08-27 18:16:39 [INFO]  | |    | (___ | |        [CSC] Version: v2.27.45
2026-08-27 18:16:39 [INFO]  | |     \___ \| |        Minecraft Version: 1.21.1 neoforge
2026-08-27 18:16:39 [INFO]  | |____ ____) | |____    Problem/Feedback: Discord: https://discord.gg/rQV5JPauY7
2026-08-27 18:16:39 [INFO]   \_____|_____/ \_____|
2026-08-27 18:16:39 [INFO]                        
2026-08-27 19:02:09 [INFO] CSC is loading...   Success！
2026-08-27 19:03:13 [INFO]    _____  _____  _____ 
2026-08-27 19:03:13 [INFO]   / ____|/ ____|/ ____|
2026-08-27 19:03:13 [INFO]  | |    | (___ | |        [CSC] Version: v2.27.45
2026-08-27 19:03:13 [INFO]  | |     \___ \| |        Minecraft Version: 1.21.1 neoforge
2026-08-27 19:03:13 [INFO]  | |____ ____) | |____    Problem/Feedback: Discord: https://discord.gg/rQV5JPauY7
2026-08-27 19:03:13 [INFO]   \_____|_____/ \_____|
2026-08-27 19:03:13 [INFO]                        
2026-08-27 19:25:16 [INFO] CSC is loading...   Success！
2026-08-27 19:28:15 [INFO]    _____  _____  _____ 
2026-08-27 19:28:15 [INFO]   / ____|/ ____|/ ____|
2026-08-27 19:28:15 [INFO]  | |    | (___ | |        [CSC] Version: v2.27.45
2026-08-27 19:28:15 [INFO]  | |     \___ \| |        Minecraft Version: 1.21.1 neoforge
2026-08-27 19:28:15 [INFO]  | |____ ____) | |____    Problem/Feedback: Discord: https://discord.gg/rQV5JPauY7
2026-08-27 19:28:15 [INFO]   \_____|_____/ \_____|
2026-08-27 19:28:15 [INFO]                        
2026-08-27 20:28:52 [INFO] CSC is loading...   Success！
2026-08-27 20:33:46 [INFO] CSC is loading...   Success！
2026-08-27 20:35:37 [INFO] CSC is loading...   Success！
2026-08-27 20:48:09 [INFO] CSC is loading...   Success！
2026-08-27 20:58:31 [INFO]    _____  _____  _____ 
2026-08-27 20:58:31 [INFO]   / ____|/ ____|/ ____|
2026-08-27 20:58:31 [INFO]  | |    | (___ | |        [CSC] Version: v2.27.45
2026-08-27 20:58:31 [INFO]  | |     \___ \| |        Minecraft Version: 1.21.1 neoforge
2026-08-27 20:58:31 [INFO]  | |____ ____) | |____    Problem/Feedback: Discord: https://discord.gg/rQV5JPauY7
2026-08-27 20:58:31 [INFO]   \_____|_____/ \_____|
2026-08-27 20:58:31 [INFO]                        
2026-08-27 21:35:37 [INFO] CSC is loading...   Success！
2026-08-27 21:41:53 [INFO] CSC is loading...   Success！
2026-08-27 21:59:17 [INFO] CSC is loading...   Success！
2026-08-27 22:06:01 [INFO] CSC is loading...   Success！
2026-08-27 22:08:35 [INFO]    _____  _____  _____ 
2026-08-27 22:08:35 [INFO]   / ____|/ ____|/ ____|
2026-08-27 22:08:35 [INFO]  | |    | (___ | |        [CSC] Version: v2.27.45
2026-08-27 22:08:35 [INFO]  | |     \___ \| |        Minecraft Version: 1.21.1 neoforge
2026-08-27 22:08:35 [INFO]  | |____ ____) | |____    Problem/Feedback: Discord: https://discord.gg/rQV5JPauY7
2026-08-27 22:08:35 [INFO]   \_____|_____/ \_____|
2026-08-27 22:08:35 [INFO]                        
2026-08-27 23:11:00 [INFO] CSC is loading...   Success！
2026-08-27 23:12:40 [INFO]    _____  _____  _____ 
2026-08-27 23:12:40 [INFO]   / ____|/ ____|/ ____|
2026-08-27 23:12:40 [INFO]  | |    | (___ | |        [CSC] Version: v2.27.45
2026-08-27 23:12:40 [INFO]  | |     \___ \| |        Minecraft Version: 1.21.1 neoforge
2026-08-27 23:12:40 [INFO]  | |____ ____) | |____    Problem/Feedback: Discord: https://discord.gg/rQV5JPauY7
2026-08-27 23:12:40 [INFO]   \_____|_____/ \_____|
2026-08-27 23:12:40 [INFO]                        
2026-08-29 09:45:10 [INFO] CSC is loading...   Success！
2026-08-29 09:46:46 [INFO]    _____  _____  _____ 
2026-08-29 09:46:46 [INFO]   / ____|/ ____|/ ____|
2026-08-29 09:46:46 [INFO]  | |    | (___ | |        [CSC] Version: v2.27.45
2026-08-29 09:46:46 [INFO]  | |     \___ \| |        Minecraft Version: 1.21.1 neoforge
2026-08-29 09:46:46 [INFO]  | |____ ____) | |____    Problem/Feedback: Discord: https://discord.gg/rQV5JPauY7
2026-08-29 09:46:46 [INFO]   \_____|_____/ \_____|
2026-08-29 09:46:46 [INFO]                        
2026-08-29 11:14:38 [INFO] CSC is loading...   Success！
2026-08-29 11:18:58 [INFO] CSC is loading...   Success！
2026-08-29 11:19:46 [INFO]    _____  _____  _____ 
2026-08-29 11:19:46 [INFO]   / ____|/ ____|/ ____|
2026-08-29 11:19:46 [INFO]  | |    | (___ | |        [CSC] Version: v2.27.45
2026-08-29 11:19:46 [INFO]  | |     \___ \| |        Minecraft Version: 1.21.1 neoforge
2026-08-29 11:19:46 [INFO]  | |____ ____) | |____    Problem/Feedback: Discord: https://discord.gg/rQV5JPauY7
2026-08-29 11:19:46 [INFO]   \_____|_____/ \_____|
2026-08-29 11:19:46 [INFO]                        
2026-08-29 11:27:16 [INFO] CSC is loading...   Success！
2026-08-29 11:31:38 [INFO] CSC is loading...   Success！
2026-08-29 11:32:38 [INFO]    _____  _____  _____ 
2026-08-29 11:32:38 [INFO]   / ____|/ ____|/ ____|
2026-08-29 11:32:38 [INFO]  | |    | (___ | |        [CSC] Version: v2.27.45
2026-08-29 11:32:38 [INFO]  | |     \___ \| |        Minecraft Version: 1.21.1 neoforge
2026-08-29 11:32:38 [INFO]  | |____ ____) | |____    Problem/Feedback: Discord: https://discord.gg/rQV5JPauY7
2026-08-29 11:32:38 [INFO]   \_____|_____/ \_____|
2026-08-29 11:32:38 [INFO]                        
2026-08-29 12:17:24 [INFO] CSC close completely, thanks for using!
2026-08-29 12:18:34 [INFO] CSC is loading...   Success！
2026-08-29 12:19:39 [INFO]    _____  _____  _____ 
2026-08-29 12:19:39 [INFO]   / ____|/ ____|/ ____|
2026-08-29 12:19:39 [INFO]  | |    | (___ | |        [CSC] Version: v2.27.45
2026-08-29 12:19:39 [INFO]  | |     \___ \| |        Minecraft Version: 1.21.1 neoforge
2026-08-29 12:19:39 [INFO]  | |____ ____) | |____    Problem/Feedback: Discord: https://discord.gg/rQV5JPauY7
2026-08-29 12:19:39 [INFO]   \_____|_____/ \_____|
2026-08-29 12:19:39 [INFO]                        
2026-08-29 13:24:39 [INFO] CSC close completely, thanks for using!
2026-08-29 13:25:49 [INFO] CSC is loading...   Success！
2026-08-29 13:29:42 [INFO] CSC is loading...   Success！
2026-08-29 13:30:41 [INFO]    _____  _____  _____ 
2026-08-29 13:30:41 [INFO]   / ____|/ ____|/ ____|
2026-08-29 13:30:41 [INFO]  | |    | (___ | |        [CSC] Version: v2.27.45
2026-08-29 13:30:41 [INFO]  | |     \___ \| |        Minecraft Version: 1.21.1 neoforge
2026-08-29 13:30:41 [INFO]  | |____ ____) | |____    Problem/Feedback: Discord: https://discord.gg/rQV5JPauY7
2026-08-29 13:30:41 [INFO]   \_____|_____/ \_____|
2026-08-29 13:30:41 [INFO]                        
2026-08-29 13:40:51 [INFO] CSC is loading...   Success！
2026-08-29 13:42:09 [INFO]    _____  _____  _____ 
2026-08-29 13:42:09 [INFO]   / ____|/ ____|/ ____|
2026-08-29 13:42:09 [INFO]  | |    | (___ | |        [CSC] Version: v2.27.45
2026-08-29 13:42:09 [INFO]  | |     \___ \| |        Minecraft Version: 1.21.1 neoforge
2026-08-29 13:42:09 [INFO]  | |____ ____) | |____    Problem/Feedback: Discord: https://discord.gg/rQV5JPauY7
2026-08-29 13:42:09 [INFO]   \_____|_____/ \_____|
2026-08-29 13:42:09 [INFO]                        
2026-08-29 13:45:25 [INFO] CSC is loading...   Success！
2026-08-29 13:47:25 [INFO]    _____  _____  _____ 
2026-08-29 13:47:25 [INFO]   / ____|/ ____|/ ____|
2026-08-29 13:47:25 [INFO]  | |    | (___ | |        [CSC] Version: v2.27.45
2026-08-29 13:47:25 [INFO]  | |     \___ \| |        Minecraft Version: 1.21.1 neoforge
2026-08-29 13:47:25 [INFO]  | |____ ____) | |____    Problem/Feedback: Discord: https://discord.gg/rQV5JPauY7
2026-08-29 13:47:25 [INFO]   \_____|_____/ \_____|
2026-08-29 13:47:25 [INFO]                        
2026-08-29 13:56:46 [INFO] CSC is loading...   Success！
2026-08-29 14:04:12 [INFO] CSC is loading...   Success！
2026-08-29 14:05:32 [INFO]    _____  _____  _____ 
2026-08-29 14:05:32 [INFO]   / ____|/ ____|/ ____|
2026-08-29 14:05:32 [INFO]  | |    | (___ | |        [CSC] Version: v2.27.45
2026-08-29 14:05:32 [INFO]  | |     \___ \| |        Minecraft Version: 1.21.1 neoforge
2026-08-29 14:05:32 [INFO]  | |____ ____) | |____    Problem/Feedback: Discord: https://discord.gg/rQV5JPauY7
2026-08-29 14:05:32 [INFO]   \_____|_____/ \_____|
2026-08-29 14:05:32 [INFO]                        
2026-08-29 14:08:57 [INFO] CSC is loading...   Success！
2026-08-29 14:10:09 [INFO]    _____  _____  _____ 
2026-08-29 14:10:09 [INFO]   / ____|/ ____|/ ____|
2026-08-29 14:10:09 [INFO]  | |    | (___ | |        [CSC] Version: v2.27.45
2026-08-29 14:10:09 [INFO]  | |     \___ \| |        Minecraft Version: 1.21.1 neoforge
2026-08-29 14:10:09 [INFO]  | |____ ____) | |____    Problem/Feedback: Discord: https://discord.gg/rQV5JPauY7
2026-08-29 14:10:09 [INFO]   \_____|_____/ \_____|
2026-08-29 14:10:09 [INFO]                        
2026-08-29 14:12:01 [INFO] CSC close completely, thanks for using!
2026-09-02 21:18:16 [INFO] CSC is loading...   Success！
2026-09-02 21:20:39 [INFO]    _____  _____  _____ 
2026-09-02 21:20:39 [INFO]   / ____|/ ____|/ ____|
2026-09-02 21:20:39 [INFO]  | |    | (___ | |        [CSC] Version: v2.27.45
2026-09-02 21:20:39 [INFO]  | |     \___ \| |        Minecraft Version: 1.21.1 neoforge
2026-09-02 21:20:39 [INFO]  | |____ ____) | |____    Problem/Feedback: Discord: https://discord.gg/rQV5JPauY7
2026-09-02 21:20:39 [INFO]   \_____|_____/ \_____|
2026-09-02 21:20:39 [INFO]                        
2026-09-02 21:39:17 [INFO] thread run！goal =》./schematics/uploaded/CardboardBoxMan/follower.nbt
2026-09-02 21:39:17 [INFO] Meow, output schematic item list!
2026-09-02 21:39:17 [INFO] ID: create:gearbox, Count: 1
2026-09-02 21:39:17 [INFO] ID: simulated:simple, Count: 1
2026-09-02 21:39:17 [INFO] ID: create:encased_shaft, Count: 4
2026-09-02 21:39:17 [INFO] ID: simulated:modulating_linked_receiver, Count: 2
2026-09-02 21:39:17 [INFO] ID: create:motor, Count: 1
2026-09-02 21:39:17 [INFO] ID: simulated:swivel_bearing, Count: 1
2026-09-02 21:39:17 [INFO] ID: create:gearshift, Count: 1
2026-09-02 21:39:17 [INFO] bibi~ scan success time consume：80 ms
2026-09-02 22:08:13 [INFO] CSC is loading...   Success！
2026-09-02 22:09:22 [INFO]    _____  _____  _____ 
2026-09-02 22:09:22 [INFO]   / ____|/ ____|/ ____|
2026-09-02 22:09:22 [INFO]  | |    | (___ | |        [CSC] Version: v2.27.45
2026-09-02 22:09:22 [INFO]  | |     \___ \| |        Minecraft Version: 1.21.1 neoforge
2026-09-02 22:09:22 [INFO]  | |____ ____) | |____    Problem/Feedback: Discord: https://discord.gg/rQV5JPauY7
2026-09-02 22:09:22 [INFO]   \_____|_____/ \_____|
2026-09-02 22:09:22 [INFO]                        
2026-09-02 22:15:22 [INFO] CSC is loading...   Success！
2026-09-02 22:16:09 [INFO]    _____  _____  _____ 
2026-09-02 22:16:09 [INFO]   / ____|/ ____|/ ____|
2026-09-02 22:16:09 [INFO]  | |    | (___ | |        [CSC] Version: v2.27.45
2026-09-02 22:16:09 [INFO]  | |     \___ \| |        Minecraft Version: 1.21.1 neoforge
2026-09-02 22:16:09 [INFO]  | |____ ____) | |____    Problem/Feedback: Discord: https://discord.gg/rQV5JPauY7
2026-09-02 22:16:09 [INFO]   \_____|_____/ \_____|
2026-09-02 22:16:09 [INFO]                        
2026-09-02 22:48:14 [INFO] CSC is loading...   Success！
2026-09-02 22:51:25 [INFO]    _____  _____  _____ 
2026-09-02 22:51:25 [INFO]   / ____|/ ____|/ ____|
2026-09-02 22:51:25 [INFO]  | |    | (___ | |        [CSC] Version: v2.27.45
2026-09-02 22:51:25 [INFO]  | |     \___ \| |        Minecraft Version: 1.21.1 neoforge
2026-09-02 22:51:25 [INFO]  | |____ ____) | |____    Problem/Feedback: Discord: https://discord.gg/rQV5JPauY7
2026-09-02 22:51:25 [INFO]   \_____|_____/ \_____|
2026-09-02 22:51:25 [INFO]                        
2026-09-02 22:53:47 [INFO] CSC is loading...   Success！
2026-09-02 22:55:23 [INFO]    _____  _____  _____ 
2026-09-02 22:55:23 [INFO]   / ____|/ ____|/ ____|
2026-09-02 22:55:23 [INFO]  | |    | (___ | |        [CSC] Version: v2.27.45
2026-09-02 22:55:23 [INFO]  | |     \___ \| |        Minecraft Version: 1.21.1 neoforge
2026-09-02 22:55:23 [INFO]  | |____ ____) | |____    Problem/Feedback: Discord: https://discord.gg/rQV5JPauY7
2026-09-02 22:55:23 [INFO]   \_____|_____/ \_____|
2026-09-02 22:55:23 [INFO]                        
2026-09-02 22:59:15 [INFO] CSC is loading...   Success！
2026-09-02 23:00:25 [INFO]    _____  _____  _____ 
2026-09-02 23:00:25 [INFO]   / ____|/ ____|/ ____|
2026-09-02 23:00:25 [INFO]  | |    | (___ | |        [CSC] Version: v2.27.45
2026-09-02 23:00:25 [INFO]  | |     \___ \| |        Minecraft Version: 1.21.1 neoforge
2026-09-02 23:00:25 [INFO]  | |____ ____) | |____    Problem/Feedback: Discord: https://discord.gg/rQV5JPauY7
2026-09-02 23:00:25 [INFO]   \_____|_____/ \_____|
2026-09-02 23:00:25 [INFO]                        
2026-09-02 23:08:37 [INFO] CSC is loading...   Success！
2026-09-02 23:09:27 [INFO]    _____  _____  _____ 
2026-09-02 23:09:27 [INFO]   / ____|/ ____|/ ____|
2026-09-02 23:09:27 [INFO]  | |    | (___ | |        [CSC] Version: v2.27.45
2026-09-02 23:09:27 [INFO]  | |     \___ \| |        Minecraft Version: 1.21.1 neoforge
2026-09-02 23:09:27 [INFO]  | |____ ____) | |____    Problem/Feedback: Discord: https://discord.gg/rQV5JPauY7
2026-09-02 23:09:27 [INFO]   \_____|_____/ \_____|
2026-09-02 23:09:27 [INFO]                        
2026-09-02 23:11:48 [INFO] CSC is loading...   Success！
2026-09-02 23:12:55 [INFO]    _____  _____  _____ 
2026-09-02 23:12:55 [INFO]   / ____|/ ____|/ ____|
2026-09-02 23:12:55 [INFO]  | |    | (___ | |        [CSC] Version: v2.27.45
2026-09-02 23:12:55 [INFO]  | |     \___ \| |        Minecraft Version: 1.21.1 neoforge
2026-09-02 23:12:55 [INFO]  | |____ ____) | |____    Problem/Feedback: Discord: https://discord.gg/rQV5JPauY7
2026-09-02 23:12:55 [INFO]   \_____|_____/ \_____|
2026-09-02 23:12:55 [INFO]                        
2026-09-02 23:27:33 [INFO] CSC is loading...   Success！
2026-09-02 23:41:59 [INFO]    _____  _____  _____ 
2026-09-02 23:41:59 [INFO]   / ____|/ ____|/ ____|
2026-09-02 23:41:59 [INFO]  | |    | (___ | |        [CSC] Version: v2.27.45
2026-09-02 23:41:59 [INFO]  | |     \___ \| |        Minecraft Version: 1.21.1 neoforge
2026-09-02 23:41:59 [INFO]  | |____ ____) | |____    Problem/Feedback: Discord: https://discord.gg/rQV5JPauY7
2026-09-02 23:41:59 [INFO]   \_____|_____/ \_____|
2026-09-02 23:41:59 [INFO]                        
2026-09-03 15:29:06 [INFO] CSC is loading...   Success！
2026-09-03 15:29:59 [INFO]    _____  _____  _____ 
2026-09-03 15:29:59 [INFO]   / ____|/ ____|/ ____|
2026-09-03 15:29:59 [INFO]  | |    | (___ | |        [CSC] Version: v2.27.45
2026-09-03 15:29:59 [INFO]  | |     \___ \| |        Minecraft Version: 1.21.1 neoforge
2026-09-03 15:29:59 [INFO]  | |____ ____) | |____    Problem/Feedback: Discord: https://discord.gg/rQV5JPauY7
2026-09-03 15:29:59 [INFO]   \_____|_____/ \_____|
2026-09-03 15:29:59 [INFO]                        
2026-09-03 16:22:37 [INFO] CSC is loading...   Success！
2026-09-03 16:23:55 [INFO]    _____  _____  _____ 
2026-09-03 16:23:55 [INFO]   / ____|/ ____|/ ____|
2026-09-03 16:23:55 [INFO]  | |    | (___ | |        [CSC] Version: v2.27.45
2026-09-03 16:23:55 [INFO]  | |     \___ \| |        Minecraft Version: 1.21.1 neoforge
2026-09-03 16:23:55 [INFO]  | |____ ____) | |____    Problem/Feedback: Discord: https://discord.gg/rQV5JPauY7
2026-09-03 16:23:55 [INFO]   \_____|_____/ \_____|
2026-09-03 16:23:55 [INFO]                        
2026-09-03 16:37:41 [INFO] CSC is loading...   Success！
2026-09-03 16:38:57 [INFO]    _____  _____  _____ 
2026-09-03 16:38:57 [INFO]   / ____|/ ____|/ ____|
2026-09-03 16:38:57 [INFO]  | |    | (___ | |        [CSC] Version: v2.27.45
2026-09-03 16:38:57 [INFO]  | |     \___ \| |        Minecraft Version: 1.21.1 neoforge
2026-09-03 16:38:57 [INFO]  | |____ ____) | |____    Problem/Feedback: Discord: https://discord.gg/rQV5JPauY7
2026-09-03 16:38:57 [INFO]   \_____|_____/ \_____|
2026-09-03 16:38:57 [INFO]                        
2026-09-03 17:00:33 [INFO] CSC is loading...   Success！
2026-09-03 17:02:45 [INFO]    _____  _____  _____ 
2026-09-03 17:02:45 [INFO]   / ____|/ ____|/ ____|
2026-09-03 17:02:45 [INFO]  | |    | (___ | |        [CSC] Version: v2.27.45
2026-09-03 17:02:45 [INFO]  | |     \___ \| |        Minecraft Version: 1.21.1 neoforge
2026-09-03 17:02:45 [INFO]  | |____ ____) | |____    Problem/Feedback: Discord: https://discord.gg/rQV5JPauY7
2026-09-03 17:02:45 [INFO]   \_____|_____/ \_____|
2026-09-03 17:02:45 [INFO]                        
2026-09-03 17:20:05 [INFO] CSC is loading...   Success！
2026-09-03 17:21:08 [INFO]    _____  _____  _____ 
2026-09-03 17:21:08 [INFO]   / ____|/ ____|/ ____|
2026-09-03 17:21:08 [INFO]  | |    | (___ | |        [CSC] Version: v2.27.45
2026-09-03 17:21:08 [INFO]  | |     \___ \| |        Minecraft Version: 1.21.1 neoforge
2026-09-03 17:21:08 [INFO]  | |____ ____) | |____    Problem/Feedback: Discord: https://discord.gg/rQV5JPauY7
2026-09-03 17:21:08 [INFO]   \_____|_____/ \_____|
2026-09-03 17:21:08 [INFO]                        
2026-09-03 17:24:46 [INFO] CSC close completely, thanks for using!
2026-09-03 17:25:13 [INFO]    _____  _____  _____ 
2026-09-03 17:25:13 [INFO]   / ____|/ ____|/ ____|
2026-09-03 17:25:13 [INFO]  | |    | (___ | |        [CSC] Version: v2.27.45
2026-09-03 17:25:13 [INFO]  | |     \___ \| |        Minecraft Version: 1.21.1 neoforge
2026-09-03 17:25:13 [INFO]  | |____ ____) | |____    Problem/Feedback: Discord: https://discord.gg/rQV5JPauY7
2026-09-03 17:25:13 [INFO]   \_____|_____/ \_____|
2026-09-03 17:25:13 [INFO]                        
2026-09-12 08:55:29 [INFO] CSC is loading...   Success！
2026-09-12 08:56:52 [INFO]    _____  _____  _____ 
2026-09-12 08:56:52 [INFO]   / ____|/ ____|/ ____|
2026-09-12 08:56:52 [INFO]  | |    | (___ | |        [CSC] Version: v2.27.45
2026-09-12 08:56:52 [INFO]  | |     \___ \| |        Minecraft Version: 1.21.1 neoforge
2026-09-12 08:56:52 [INFO]  | |____ ____) | |____    Problem/Feedback: Discord: https://discord.gg/rQV5JPauY7
2026-09-12 08:56:52 [INFO]   \_____|_____/ \_____|
2026-09-12 08:56:52 [INFO]                        
2026-09-12 09:01:02 [INFO] CSC is loading...   Success！
2026-09-12 09:02:29 [INFO]    _____  _____  _____ 
2026-09-12 09:02:29 [INFO]   / ____|/ ____|/ ____|
2026-09-12 09:02:29 [INFO]  | |    | (___ | |        [CSC] Version: v2.27.45
2026-09-12 09:02:29 [INFO]  | |     \___ \| |        Minecraft Version: 1.21.1 neoforge
2026-09-12 09:02:29 [INFO]  | |____ ____) | |____    Problem/Feedback: Discord: https://discord.gg/rQV5JPauY7
2026-09-12 09:02:29 [INFO]   \_____|_____/ \_____|
2026-09-12 09:02:29 [INFO]                        
2026-09-12 09:12:04 [INFO] CSC close completely, thanks for using!
2026-09-12 16:30:11 [INFO] CSC is loading...   Success！
2026-09-12 16:34:11 [INFO]    _____  _____  _____ 
2026-09-12 16:34:11 [INFO]   / ____|/ ____|/ ____|
2026-09-12 16:34:11 [INFO]  | |    | (___ | |        [CSC] Version: v2.27.45
2026-09-12 16:34:11 [INFO]  | |     \___ \| |        Minecraft Version: 1.21.1 neoforge
2026-09-12 16:34:11 [INFO]  | |____ ____) | |____    Problem/Feedback: Discord: https://discord.gg/rQV5JPauY7
2026-09-12 16:34:11 [INFO]   \_____|_____/ \_____|
2026-09-12 16:34:11 [INFO]                        
2026-09-12 17:05:54 [INFO] CSC is loading...   Success！
2026-09-12 17:09:39 [INFO]    _____  _____  _____ 
2026-09-12 17:09:39 [INFO]   / ____|/ ____|/ ____|
2026-09-12 17:09:39 [INFO]  | |    | (___ | |        [CSC] Version: v2.27.45
2026-09-12 17:09:39 [INFO]  | |     \___ \| |        Minecraft Version: 1.21.1 neoforge
2026-09-12 17:09:39 [INFO]  | |____ ____) | |____    Problem/Feedback: Discord: https://discord.gg/rQV5JPauY7
2026-09-12 17:09:39 [INFO]   \_____|_____/ \_____|
2026-09-12 17:09:39 [INFO]                        
2026-09-12 17:56:19 [INFO] CSC is loading...   Success！
2026-09-12 17:57:22 [INFO]    _____  _____  _____ 
2026-09-12 17:57:22 [INFO]   / ____|/ ____|/ ____|
2026-09-12 17:57:22 [INFO]  | |    | (___ | |        [CSC] Version: v2.27.45
2026-09-12 17:57:22 [INFO]  | |     \___ \| |        Minecraft Version: 1.21.1 neoforge
2026-09-12 17:57:22 [INFO]  | |____ ____) | |____    Problem/Feedback: Discord: https://discord.gg/rQV5JPauY7
2026-09-12 17:57:22 [INFO]   \_____|_____/ \_____|
2026-09-12 17:57:22 [INFO]                        
2026-09-12 18:10:09 [INFO] CSC is loading...   Success！
2026-09-12 18:16:03 [INFO]    _____  _____  _____ 
2026-09-12 18:16:03 [INFO]   / ____|/ ____|/ ____|
2026-09-12 18:16:03 [INFO]  | |    | (___ | |        [CSC] Version: v2.27.45
2026-09-12 18:16:03 [INFO]  | |     \___ \| |        Minecraft Version: 1.21.1 neoforge
2026-09-12 18:16:03 [INFO]  | |____ ____) | |____    Problem/Feedback: Discord: https://discord.gg/rQV5JPauY7
2026-09-12 18:16:03 [INFO]   \_____|_____/ \_____|
2026-09-12 18:16:03 [INFO]                        
2026-09-12 18:21:40 [INFO] CSC is loading...   Success！
2026-09-12 18:23:06 [INFO]    _____  _____  _____ 
2026-09-12 18:23:06 [INFO]   / ____|/ ____|/ ____|
2026-09-12 18:23:06 [INFO]  | |    | (___ | |        [CSC] Version: v2.27.45
2026-09-12 18:23:06 [INFO]  | |     \___ \| |        Minecraft Version: 1.21.1 neoforge
2026-09-12 18:23:06 [INFO]  | |____ ____) | |____    Problem/Feedback: Discord: https://discord.gg/rQV5JPauY7
2026-09-12 18:23:06 [INFO]   \_____|_____/ \_____|
2026-09-12 18:23:06 [INFO]                        
2026-09-12 18:26:02 [INFO] CSC is loading...   Success！
2026-09-12 18:27:56 [INFO]    _____  _____  _____ 
2026-09-12 18:27:56 [INFO]   / ____|/ ____|/ ____|
2026-09-12 18:27:56 [INFO]  | |    | (___ | |        [CSC] Version: v2.27.45
2026-09-12 18:27:56 [INFO]  | |     \___ \| |        Minecraft Version: 1.21.1 neoforge
2026-09-12 18:27:56 [INFO]  | |____ ____) | |____    Problem/Feedback: Discord: https://discord.gg/rQV5JPauY7
2026-09-12 18:27:56 [INFO]   \_____|_____/ \_____|
2026-09-12 18:27:56 [INFO]                        
2026-09-12 19:17:32 [INFO] CSC is loading...   Success！
2026-09-12 19:18:44 [INFO]    _____  _____  _____ 
2026-09-12 19:18:44 [INFO]   / ____|/ ____|/ ____|
2026-09-12 19:18:44 [INFO]  | |    | (___ | |        [CSC] Version: v2.27.45
2026-09-12 19:18:44 [INFO]  | |     \___ \| |        Minecraft Version: 1.21.1 neoforge
2026-09-12 19:18:44 [INFO]  | |____ ____) | |____    Problem/Feedback: Discord: https://discord.gg/rQV5JPauY7
2026-09-12 19:18:44 [INFO]   \_____|_____/ \_____|
2026-09-12 19:18:44 [INFO]                        
2026-09-12 19:46:41 [INFO] CSC is loading...   Success！
2026-09-12 19:53:50 [INFO]    _____  _____  _____ 
2026-09-12 19:53:50 [INFO]   / ____|/ ____|/ ____|
2026-09-12 19:53:50 [INFO]  | |    | (___ | |        [CSC] Version: v2.27.45
2026-09-12 19:53:50 [INFO]  | |     \___ \| |        Minecraft Version: 1.21.1 neoforge
2026-09-12 19:53:50 [INFO]  | |____ ____) | |____    Problem/Feedback: Discord: https://discord.gg/rQV5JPauY7
2026-09-12 19:53:50 [INFO]   \_____|_____/ \_____|
2026-09-12 19:53:50 [INFO]                        
2026-09-12 20:03:07 [INFO] CSC is loading...   Success！
2026-09-12 20:05:55 [INFO] CSC is loading...   Success！
2026-09-12 20:07:23 [INFO]    _____  _____  _____ 
2026-09-12 20:07:23 [INFO]   / ____|/ ____|/ ____|
2026-09-12 20:07:23 [INFO]  | |    | (___ | |        [CSC] Version: v2.27.45
2026-09-12 20:07:23 [INFO]  | |     \___ \| |        Minecraft Version: 1.21.1 neoforge
2026-09-12 20:07:23 [INFO]  | |____ ____) | |____    Problem/Feedback: Discord: https://discord.gg/rQV5JPauY7
2026-09-12 20:07:23 [INFO]   \_____|_____/ \_____|
2026-09-12 20:07:23 [INFO]                        
2026-09-12 20:48:56 [INFO] CSC is loading...   Success！
2026-09-12 20:52:12 [INFO]    _____  _____  _____ 
2026-09-12 20:52:12 [INFO]   / ____|/ ____|/ ____|
2026-09-12 20:52:12 [INFO]  | |    | (___ | |        [CSC] Version: v2.27.45
2026-09-12 20:52:12 [INFO]  | |     \___ \| |        Minecraft Version: 1.21.1 neoforge
2026-09-12 20:52:12 [INFO]  | |____ ____) | |____    Problem/Feedback: Discord: https://discord.gg/rQV5JPauY7
2026-09-12 20:52:12 [INFO]   \_____|_____/ \_____|
2026-09-12 20:52:12 [INFO]                        
2026-09-12 21:02:21 [INFO] CSC is loading...   Success！
2026-09-12 21:03:12 [INFO]    _____  _____  _____ 
2026-09-12 21:03:12 [INFO]   / ____|/ ____|/ ____|
2026-09-12 21:03:12 [INFO]  | |    | (___ | |        [CSC] Version: v2.27.45
2026-09-12 21:03:12 [INFO]  | |     \___ \| |        Minecraft Version: 1.21.1 neoforge
2026-09-12 21:03:12 [INFO]  | |____ ____) | |____    Problem/Feedback: Discord: https://discord.gg/rQV5JPauY7
2026-09-12 21:03:12 [INFO]   \_____|_____/ \_____|
2026-09-12 21:03:12 [INFO]                        
2026-09-12 21:22:08 [INFO] CSC is loading...   Success！
2026-09-12 21:23:20 [INFO]    _____  _____  _____ 
2026-09-12 21:23:20 [INFO]   / ____|/ ____|/ ____|
2026-09-12 21:23:20 [INFO]  | |    | (___ | |        [CSC] Version: v2.27.45
2026-09-12 21:23:20 [INFO]  | |     \___ \| |        Minecraft Version: 1.21.1 neoforge
2026-09-12 21:23:20 [INFO]  | |____ ____) | |____    Problem/Feedback: Discord: https://discord.gg/rQV5JPauY7
2026-09-12 21:23:20 [INFO]   \_____|_____/ \_____|
2026-09-12 21:23:20 [INFO]                        
2026-09-12 21:37:20 [INFO] CSC is loading...   Success！
2026-09-12 21:38:47 [INFO]    _____  _____  _____ 
2026-09-12 21:38:47 [INFO]   / ____|/ ____|/ ____|
2026-09-12 21:38:47 [INFO]  | |    | (___ | |        [CSC] Version: v2.27.45
2026-09-12 21:38:47 [INFO]  | |     \___ \| |        Minecraft Version: 1.21.1 neoforge
2026-09-12 21:38:47 [INFO]  | |____ ____) | |____    Problem/Feedback: Discord: https://discord.gg/rQV5JPauY7
2026-09-12 21:38:47 [INFO]   \_____|_____/ \_____|
2026-09-12 21:38:47 [INFO]                        
2026-09-12 21:43:41 [INFO] CSC close completely, thanks for using!
2026-09-12 21:44:23 [INFO]    _____  _____  _____ 
2026-09-12 21:44:23 [INFO]   / ____|/ ____|/ ____|
2026-09-12 21:44:23 [INFO]  | |    | (___ | |        [CSC] Version: v2.27.45
2026-09-12 21:44:23 [INFO]  | |     \___ \| |        Minecraft Version: 1.21.1 neoforge
2026-09-12 21:44:23 [INFO]  | |____ ____) | |____    Problem/Feedback: Discord: https://discord.gg/rQV5JPauY7
2026-09-12 21:44:23 [INFO]   \_____|_____/ \_____|
2026-09-12 21:44:23 [INFO]                        
2026-09-12 21:48:17 [INFO] CSC is loading...   Success！
2026-09-12 21:49:11 [INFO]    _____  _____  _____ 
2026-09-12 21:49:11 [INFO]   / ____|/ ____|/ ____|
2026-09-12 21:49:11 [INFO]  | |    | (___ | |        [CSC] Version: v2.27.45
2026-09-12 21:49:11 [INFO]  | |     \___ \| |        Minecraft Version: 1.21.1 neoforge
2026-09-12 21:49:11 [INFO]  | |____ ____) | |____    Problem/Feedback: Discord: https://discord.gg/rQV5JPauY7
2026-09-12 21:49:11 [INFO]   \_____|_____/ \_____|
2026-09-12 21:49:11 [INFO]                        
2026-09-12 21:49:54 [INFO] CSC close completely, thanks for using!
2026-09-12 21:50:53 [INFO]    _____  _____  _____ 
2026-09-12 21:50:53 [INFO]   / ____|/ ____|/ ____|
2026-09-12 21:50:53 [INFO]  | |    | (___ | |        [CSC] Version: v2.27.45
2026-09-12 21:50:53 [INFO]  | |     \___ \| |        Minecraft Version: 1.21.1 neoforge
2026-09-12 21:50:53 [INFO]  | |____ ____) | |____    Problem/Feedback: Discord: https://discord.gg/rQV5JPauY7
2026-09-12 21:50:53 [INFO]   \_____|_____/ \_____|
2026-09-12 21:50:53 [INFO]                        
2026-09-12 21:55:44 [INFO] CSC is loading...   Success！
2026-09-12 21:57:48 [INFO]    _____  _____  _____ 
2026-09-12 21:57:48 [INFO]   / ____|/ ____|/ ____|
2026-09-12 21:57:48 [INFO]  | |    | (___ | |        [CSC] Version: v2.27.45
2026-09-12 21:57:48 [INFO]  | |     \___ \| |        Minecraft Version: 1.21.1 neoforge
2026-09-12 21:57:48 [INFO]  | |____ ____) | |____    Problem/Feedback: Discord: https://discord.gg/rQV5JPauY7
2026-09-12 21:57:48 [INFO]   \_____|_____/ \_____|
2026-09-12 21:57:48 [INFO]                        
2026-09-12 22:44:12 [INFO] CSC is loading...   Success！
2026-09-12 22:49:53 [INFO]    _____  _____  _____ 
2026-09-12 22:49:53 [INFO]   / ____|/ ____|/ ____|
2026-09-12 22:49:53 [INFO]  | |    | (___ | |        [CSC] Version: v2.27.45
2026-09-12 22:49:53 [INFO]  | |     \___ \| |        Minecraft Version: 1.21.1 neoforge
2026-09-12 22:49:53 [INFO]  | |____ ____) | |____    Problem/Feedback: Discord: https://discord.gg/rQV5JPauY7
2026-09-12 22:49:53 [INFO]   \_____|_____/ \_____|
2026-09-12 22:49:53 [INFO]                        
2026-09-12 23:13:32 [INFO] CSC is loading...   Success！
2026-09-12 23:14:53 [INFO]    _____  _____  _____ 
2026-09-12 23:14:53 [INFO]   / ____|/ ____|/ ____|
2026-09-12 23:14:53 [INFO]  | |    | (___ | |        [CSC] Version: v2.27.45
2026-09-12 23:14:53 [INFO]  | |     \___ \| |        Minecraft Version: 1.21.1 neoforge
2026-09-12 23:14:53 [INFO]  | |____ ____) | |____    Problem/Feedback: Discord: https://discord.gg/rQV5JPauY7
2026-09-12 23:14:53 [INFO]   \_____|_____/ \_____|
2026-09-12 23:14:53 [INFO]                        
2026-09-13 11:48:44 [INFO] CSC is loading...   Success！
2026-09-13 11:50:56 [INFO]    _____  _____  _____ 
2026-09-13 11:50:56 [INFO]   / ____|/ ____|/ ____|
2026-09-13 11:50:56 [INFO]  | |    | (___ | |        [CSC] Version: v2.27.45
2026-09-13 11:50:56 [INFO]  | |     \___ \| |        Minecraft Version: 1.21.1 neoforge
2026-09-13 11:50:56 [INFO]  | |____ ____) | |____    Problem/Feedback: Discord: https://discord.gg/rQV5JPauY7
2026-09-13 11:50:56 [INFO]   \_____|_____/ \_____|
2026-09-13 11:50:56 [INFO]                        
2026-09-13 12:07:47 [INFO] CSC is loading...   Success！
2026-09-13 12:09:25 [INFO]    _____  _____  _____ 
2026-09-13 12:09:25 [INFO]   / ____|/ ____|/ ____|
2026-09-13 12:09:25 [INFO]  | |    | (___ | |        [CSC] Version: v2.27.45
2026-09-13 12:09:25 [INFO]  | |     \___ \| |        Minecraft Version: 1.21.1 neoforge
2026-09-13 12:09:25 [INFO]  | |____ ____) | |____    Problem/Feedback: Discord: https://discord.gg/rQV5JPauY7
2026-09-13 12:09:25 [INFO]   \_____|_____/ \_____|
2026-09-13 12:09:25 [INFO]                        
2026-09-13 12:36:53 [INFO] CSC is loading...   Success！
2026-09-13 12:39:01 [INFO]    _____  _____  _____ 
2026-09-13 12:39:01 [INFO]   / ____|/ ____|/ ____|
2026-09-13 12:39:01 [INFO]  | |    | (___ | |        [CSC] Version: v2.27.45
2026-09-13 12:39:01 [INFO]  | |     \___ \| |        Minecraft Version: 1.21.1 neoforge
2026-09-13 12:39:01 [INFO]  | |____ ____) | |____    Problem/Feedback: Discord: https://discord.gg/rQV5JPauY7
2026-09-13 12:39:01 [INFO]   \_____|_____/ \_____|
2026-09-13 12:39:01 [INFO]                        
2026-09-13 12:47:30 [INFO] CSC close completely, thanks for using!
2026-09-13 12:48:42 [INFO] CSC is loading...   Success！
2026-09-13 12:51:07 [INFO]    _____  _____  _____ 
2026-09-13 12:51:07 [INFO]   / ____|/ ____|/ ____|
2026-09-13 12:51:07 [INFO]  | |    | (___ | |        [CSC] Version: v2.27.45
2026-09-13 12:51:07 [INFO]  | |     \___ \| |        Minecraft Version: 1.21.1 neoforge
2026-09-13 12:51:07 [INFO]  | |____ ____) | |____    Problem/Feedback: Discord: https://discord.gg/rQV5JPauY7
2026-09-13 12:51:07 [INFO]   \_____|_____/ \_____|
2026-09-13 12:51:07 [INFO]                        
2026-09-13 17:58:51 [INFO] CSC is loading...   Success！
2026-09-13 18:01:41 [INFO]    _____  _____  _____ 
2026-09-13 18:01:41 [INFO]   / ____|/ ____|/ ____|
2026-09-13 18:01:41 [INFO]  | |    | (___ | |        [CSC] Version: v2.27.45
2026-09-13 18:01:41 [INFO]  | |     \___ \| |        Minecraft Version: 1.21.1 neoforge
2026-09-13 18:01:41 [INFO]  | |____ ____) | |____    Problem/Feedback: Discord: https://discord.gg/rQV5JPauY7
2026-09-13 18:01:41 [INFO]   \_____|_____/ \_____|
2026-09-13 18:01:41 [INFO]                        
2026-09-13 18:50:31 [INFO] CSC close completely, thanks for using!
2026-09-13 18:52:23 [INFO] CSC is loading...   Success！
2026-09-13 18:54:10 [INFO]    _____  _____  _____ 
2026-09-13 18:54:10 [INFO]   / ____|/ ____|/ ____|
2026-09-13 18:54:10 [INFO]  | |    | (___ | |        [CSC] Version: v2.27.45
2026-09-13 18:54:10 [INFO]  | |     \___ \| |        Minecraft Version: 1.21.1 neoforge
2026-09-13 18:54:10 [INFO]  | |____ ____) | |____    Problem/Feedback: Discord: https://discord.gg/rQV5JPauY7
2026-09-13 18:54:10 [INFO]   \_____|_____/ \_____|
2026-09-13 18:54:10 [INFO]                        
2026-09-13 19:33:38 [INFO] CSC is loading...   Success！
2026-09-13 19:34:58 [INFO]    _____  _____  _____ 
2026-09-13 19:34:58 [INFO]   / ____|/ ____|/ ____|
2026-09-13 19:34:58 [INFO]  | |    | (___ | |        [CSC] Version: v2.27.45
2026-09-13 19:34:58 [INFO]  | |     \___ \| |        Minecraft Version: 1.21.1 neoforge
2026-09-13 19:34:58 [INFO]  | |____ ____) | |____    Problem/Feedback: Discord: https://discord.gg/rQV5JPauY7
2026-09-13 19:34:58 [INFO]   \_____|_____/ \_____|
2026-09-13 19:34:58 [INFO]                        
2026-09-13 19:42:40 [INFO] CSC is loading...   Success！
2026-09-13 19:44:58 [INFO]    _____  _____  _____ 
2026-09-13 19:44:58 [INFO]   / ____|/ ____|/ ____|
2026-09-13 19:44:58 [INFO]  | |    | (___ | |        [CSC] Version: v2.27.45
2026-09-13 19:44:58 [INFO]  | |     \___ \| |        Minecraft Version: 1.21.1 neoforge
2026-09-13 19:44:58 [INFO]  | |____ ____) | |____    Problem/Feedback: Discord: https://discord.gg/rQV5JPauY7
2026-09-13 19:44:58 [INFO]   \_____|_____/ \_____|
2026-09-13 19:44:58 [INFO]                        
2026-09-13 23:39:14 [INFO] CSC is loading...   Success！
2026-09-13 23:42:15 [INFO] CSC is loading...   Success！
2026-09-13 23:43:32 [INFO]    _____  _____  _____ 
2026-09-13 23:43:32 [INFO]   / ____|/ ____|/ ____|
2026-09-13 23:43:32 [INFO]  | |    | (___ | |        [CSC] Version: v2.27.45
2026-09-13 23:43:32 [INFO]  | |     \___ \| |        Minecraft Version: 1.21.1 neoforge
2026-09-13 23:43:32 [INFO]  | |____ ____) | |____    Problem/Feedback: Discord: https://discord.gg/rQV5JPauY7
2026-09-13 23:43:32 [INFO]   \_____|_____/ \_____|
2026-09-13 23:43:32 [INFO]                        
2026-09-14 00:57:40 [INFO] CSC close completely, thanks for using!
2026-09-14 00:59:15 [INFO] CSC is loading...   Success！
2026-09-14 01:00:41 [INFO]    _____  _____  _____ 
2026-09-14 01:00:41 [INFO]   / ____|/ ____|/ ____|
2026-09-14 01:00:41 [INFO]  | |    | (___ | |        [CSC] Version: v2.27.45
2026-09-14 01:00:41 [INFO]  | |     \___ \| |        Minecraft Version: 1.21.1 neoforge
2026-09-14 01:00:41 [INFO]  | |____ ____) | |____    Problem/Feedback: Discord: https://discord.gg/rQV5JPauY7
2026-09-14 01:00:41 [INFO]   \_____|_____/ \_____|
2026-09-14 01:00:41 [INFO]                        
2026-09-15 21:51:06 [INFO] CSC is loading...   Success！
2026-09-15 21:52:57 [INFO]    _____  _____  _____ 
2026-09-15 21:52:57 [INFO]   / ____|/ ____|/ ____|
2026-09-15 21:52:57 [INFO]  | |    | (___ | |        [CSC] Version: v2.27.45
2026-09-15 21:52:57 [INFO]  | |     \___ \| |        Minecraft Version: 1.21.1 neoforge
2026-09-15 21:52:57 [INFO]  | |____ ____) | |____    Problem/Feedback: Discord: https://discord.gg/rQV5JPauY7
2026-09-15 21:52:57 [INFO]   \_____|_____/ \_____|
2026-09-15 21:52:57 [INFO]                        
2026-09-15 21:58:10 [INFO] CSC is loading...   Success！
2026-09-15 21:59:33 [INFO]    _____  _____  _____ 
2026-09-15 21:59:33 [INFO]   / ____|/ ____|/ ____|
2026-09-15 21:59:33 [INFO]  | |    | (___ | |        [CSC] Version: v2.27.45
2026-09-15 21:59:33 [INFO]  | |     \___ \| |        Minecraft Version: 1.21.1 neoforge
2026-09-15 21:59:33 [INFO]  | |____ ____) | |____    Problem/Feedback: Discord: https://discord.gg/rQV5JPauY7
2026-09-15 21:59:33 [INFO]   \_____|_____/ \_____|
2026-09-15 21:59:33 [INFO]                        
2026-09-15 22:01:51 [INFO] CSC close completely, thanks for using!
2026-09-15 22:02:49 [INFO]    _____  _____  _____ 
2026-09-15 22:02:49 [INFO]   / ____|/ ____|/ ____|
2026-09-15 22:02:49 [INFO]  | |    | (___ | |        [CSC] Version: v2.27.45
2026-09-15 22:02:49 [INFO]  | |     \___ \| |        Minecraft Version: 1.21.1 neoforge
2026-09-15 22:02:49 [INFO]  | |____ ____) | |____    Problem/Feedback: Discord: https://discord.gg/rQV5JPauY7
2026-09-15 22:02:49 [INFO]   \_____|_____/ \_____|
2026-09-15 22:02:49 [INFO]                        
2026-09-15 22:27:10 [INFO] CSC close completely, thanks for using!
2026-09-15 22:28:06 [INFO] CSC is loading...   Success！
2026-09-15 22:38:45 [INFO]    _____  _____  _____ 
2026-09-15 22:38:45 [INFO]   / ____|/ ____|/ ____|
2026-09-15 22:38:45 [INFO]  | |    | (___ | |        [CSC] Version: v2.27.45
2026-09-15 22:38:45 [INFO]  | |     \___ \| |        Minecraft Version: 1.21.1 neoforge
2026-09-15 22:38:45 [INFO]  | |____ ____) | |____    Problem/Feedback: Discord: https://discord.gg/rQV5JPauY7
2026-09-15 22:38:45 [INFO]   \_____|_____/ \_____|
2026-09-15 22:38:45 [INFO]                        
2026-09-15 22:59:13 [INFO] CSC is loading...   Success！
2026-09-15 23:00:47 [INFO]    _____  _____  _____ 
2026-09-15 23:00:47 [INFO]   / ____|/ ____|/ ____|
2026-09-15 23:00:47 [INFO]  | |    | (___ | |        [CSC] Version: v2.27.45
2026-09-15 23:00:47 [INFO]  | |     \___ \| |        Minecraft Version: 1.21.1 neoforge
2026-09-15 23:00:47 [INFO]  | |____ ____) | |____    Problem/Feedback: Discord: https://discord.gg/rQV5JPauY7
2026-09-15 23:00:47 [INFO]   \_____|_____/ \_____|
2026-09-15 23:00:47 [INFO]                        
2026-09-16 22:23:02 [INFO] CSC is loading...   Success！
2026-09-16 22:24:21 [INFO]    _____  _____  _____ 
2026-09-16 22:24:21 [INFO]   / ____|/ ____|/ ____|
2026-09-16 22:24:21 [INFO]  | |    | (___ | |        [CSC] Version: v2.27.45
2026-09-16 22:24:21 [INFO]  | |     \___ \| |        Minecraft Version: 1.21.1 neoforge
2026-09-16 22:24:21 [INFO]  | |____ ____) | |____    Problem/Feedback: Discord: https://discord.gg/rQV5JPauY7
2026-09-16 22:24:21 [INFO]   \_____|_____/ \_____|
2026-09-16 22:24:21 [INFO]                        
2026-09-16 22:36:45 [INFO] CSC is loading...   Success！
2026-09-16 22:40:53 [INFO] CSC is loading...   Success！
2026-09-16 22:42:21 [INFO]    _____  _____  _____ 
2026-09-16 22:42:21 [INFO]   / ____|/ ____|/ ____|
2026-09-16 22:42:21 [INFO]  | |    | (___ | |        [CSC] Version: v2.27.45
2026-09-16 22:42:21 [INFO]  | |     \___ \| |        Minecraft Version: 1.21.1 neoforge
2026-09-16 22:42:21 [INFO]  | |____ ____) | |____    Problem/Feedback: Discord: https://discord.gg/rQV5JPauY7
2026-09-16 22:42:21 [INFO]   \_____|_____/ \_____|
2026-09-16 22:42:21 [INFO]                        
2026-09-16 22:45:29 [INFO] CSC close completely, thanks for using!
2026-09-17 23:39:38 [INFO] CSC is loading...   Success！
2026-09-17 23:42:03 [INFO]    _____  _____  _____ 
2026-09-17 23:42:03 [INFO]   / ____|/ ____|/ ____|
2026-09-17 23:42:03 [INFO]  | |    | (___ | |        [CSC] Version: v2.27.45
2026-09-17 23:42:03 [INFO]  | |     \___ \| |        Minecraft Version: 1.21.1 neoforge
2026-09-17 23:42:03 [INFO]  | |____ ____) | |____    Problem/Feedback: Discord: https://discord.gg/rQV5JPauY7
2026-09-17 23:42:03 [INFO]   \_____|_____/ \_____|
2026-09-17 23:42:03 [INFO]                        
2026-09-18 00:10:08 [INFO] CSC is loading...   Success！
2026-09-18 00:14:17 [INFO]    _____  _____  _____ 
2026-09-18 00:14:17 [INFO]   / ____|/ ____|/ ____|
2026-09-18 00:14:17 [INFO]  | |    | (___ | |        [CSC] Version: v2.27.45
2026-09-18 00:14:17 [INFO]  | |     \___ \| |        Minecraft Version: 1.21.1 neoforge
2026-09-18 00:14:17 [INFO]  | |____ ____) | |____    Problem/Feedback: Discord: https://discord.gg/rQV5JPauY7
2026-09-18 00:14:17 [INFO]   \_____|_____/ \_____|
2026-09-18 00:14:17 [INFO]                        
2026-09-18 16:20:06 [INFO] CSC is loading...   Success！
2026-09-18 16:21:49 [INFO]    _____  _____  _____ 
2026-09-18 16:21:49 [INFO]   / ____|/ ____|/ ____|
2026-09-18 16:21:49 [INFO]  | |    | (___ | |        [CSC] Version: v2.27.45
2026-09-18 16:21:49 [INFO]  | |     \___ \| |        Minecraft Version: 1.21.1 neoforge
2026-09-18 16:21:49 [INFO]  | |____ ____) | |____    Problem/Feedback: Discord: https://discord.gg/rQV5JPauY7
2026-09-18 16:21:49 [INFO]   \_____|_____/ \_____|
2026-09-18 16:21:49 [INFO]                        
2026-09-18 16:36:44 [INFO] CSC is loading...   Success！
2026-09-18 16:44:25 [INFO] CSC is loading...   Success！
2026-09-18 16:48:47 [INFO]    _____  _____  _____ 
2026-09-18 16:48:47 [INFO]   / ____|/ ____|/ ____|
2026-09-18 16:48:47 [INFO]  | |    | (___ | |        [CSC] Version: v2.27.45
2026-09-18 16:48:47 [INFO]  | |     \___ \| |        Minecraft Version: 1.21.1 neoforge
2026-09-18 16:48:47 [INFO]  | |____ ____) | |____    Problem/Feedback: Discord: https://discord.gg/rQV5JPauY7
2026-09-18 16:48:47 [INFO]   \_____|_____/ \_____|
2026-09-18 16:48:47 [INFO]                        
2026-09-18 17:17:41 [INFO] CSC is loading...   Success！
2026-09-18 17:19:42 [INFO]    _____  _____  _____ 
2026-09-18 17:19:42 [INFO]   / ____|/ ____|/ ____|
2026-09-18 17:19:42 [INFO]  | |    | (___ | |        [CSC] Version: v2.27.45
2026-09-18 17:19:42 [INFO]  | |     \___ \| |        Minecraft Version: 1.21.1 neoforge
2026-09-18 17:19:42 [INFO]  | |____ ____) | |____    Problem/Feedback: Discord: https://discord.gg/rQV5JPauY7
2026-09-18 17:19:42 [INFO]   \_____|_____/ \_____|
2026-09-18 17:19:42 [INFO]                        
2026-09-18 17:22:31 [INFO] CSC close completely, thanks for using!
2026-09-18 17:26:25 [INFO]    _____  _____  _____ 
2026-09-18 17:26:25 [INFO]   / ____|/ ____|/ ____|
2026-09-18 17:26:25 [INFO]  | |    | (___ | |        [CSC] Version: v2.27.45
2026-09-18 17:26:25 [INFO]  | |     \___ \| |        Minecraft Version: 1.21.1 neoforge
2026-09-18 17:26:25 [INFO]  | |____ ____) | |____    Problem/Feedback: Discord: https://discord.gg/rQV5JPauY7
2026-09-18 17:26:25 [INFO]   \_____|_____/ \_____|
2026-09-18 17:26:25 [INFO]                        
2026-09-18 17:28:32 [INFO] CSC close completely, thanks for using!
2026-09-18 17:28:52 [INFO]    _____  _____  _____ 
2026-09-18 17:28:52 [INFO]   / ____|/ ____|/ ____|
2026-09-18 17:28:52 [INFO]  | |    | (___ | |        [CSC] Version: v2.27.45
2026-09-18 17:28:52 [INFO]  | |     \___ \| |        Minecraft Version: 1.21.1 neoforge
2026-09-18 17:28:52 [INFO]  | |____ ____) | |____    Problem/Feedback: Discord: https://discord.gg/rQV5JPauY7
2026-09-18 17:28:52 [INFO]   \_____|_____/ \_____|
2026-09-18 17:28:52 [INFO]                        
2026-09-18 18:37:54 [INFO] CSC is loading...   Success！
2026-09-18 18:41:03 [INFO]    _____  _____  _____ 
2026-09-18 18:41:03 [INFO]   / ____|/ ____|/ ____|
2026-09-18 18:41:03 [INFO]  | |    | (___ | |        [CSC] Version: v2.27.45
2026-09-18 18:41:03 [INFO]  | |     \___ \| |        Minecraft Version: 1.21.1 neoforge
2026-09-18 18:41:03 [INFO]  | |____ ____) | |____    Problem/Feedback: Discord: https://discord.gg/rQV5JPauY7
2026-09-18 18:41:03 [INFO]   \_____|_____/ \_____|
2026-09-18 18:41:03 [INFO]                        
2026-09-18 19:24:04 [INFO] CSC close completely, thanks for using!
2026-09-18 19:24:22 [INFO]    _____  _____  _____ 
2026-09-18 19:24:22 [INFO]   / ____|/ ____|/ ____|
2026-09-18 19:24:22 [INFO]  | |    | (___ | |        [CSC] Version: v2.27.45
2026-09-18 19:24:22 [INFO]  | |     \___ \| |        Minecraft Version: 1.21.1 neoforge
2026-09-18 19:24:22 [INFO]  | |____ ____) | |____    Problem/Feedback: Discord: https://discord.gg/rQV5JPauY7
2026-09-18 19:24:22 [INFO]   \_____|_____/ \_____|
2026-09-18 19:24:22 [INFO]                        
2026-09-18 19:29:41 [INFO] CSC close completely, thanks for using!
2026-09-18 19:30:00 [INFO]    _____  _____  _____ 
2026-09-18 19:30:00 [INFO]   / ____|/ ____|/ ____|
2026-09-18 19:30:00 [INFO]  | |    | (___ | |        [CSC] Version: v2.27.45
2026-09-18 19:30:00 [INFO]  | |     \___ \| |        Minecraft Version: 1.21.1 neoforge
2026-09-18 19:30:00 [INFO]  | |____ ____) | |____    Problem/Feedback: Discord: https://discord.gg/rQV5JPauY7
2026-09-18 19:30:00 [INFO]   \_____|_____/ \_____|
2026-09-18 19:30:00 [INFO]                        
2026-09-18 19:35:48 [INFO] CSC close completely, thanks for using!
2026-09-18 19:36:07 [INFO]    _____  _____  _____ 
2026-09-18 19:36:07 [INFO]   / ____|/ ____|/ ____|
2026-09-18 19:36:07 [INFO]  | |    | (___ | |        [CSC] Version: v2.27.45
2026-09-18 19:36:07 [INFO]  | |     \___ \| |        Minecraft Version: 1.21.1 neoforge
2026-09-18 19:36:07 [INFO]  | |____ ____) | |____    Problem/Feedback: Discord: https://discord.gg/rQV5JPauY7
2026-09-18 19:36:07 [INFO]   \_____|_____/ \_____|
2026-09-18 19:36:07 [INFO]                        
2026-09-19 07:40:59 [INFO] CSC is loading...   Success！
2026-09-19 07:42:10 [INFO]    _____  _____  _____ 
2026-09-19 07:42:10 [INFO]   / ____|/ ____|/ ____|
2026-09-19 07:42:10 [INFO]  | |    | (___ | |        [CSC] Version: v2.27.45
2026-09-19 07:42:10 [INFO]  | |     \___ \| |        Minecraft Version: 1.21.1 neoforge
2026-09-19 07:42:10 [INFO]  | |____ ____) | |____    Problem/Feedback: Discord: https://discord.gg/rQV5JPauY7
2026-09-19 07:42:10 [INFO]   \_____|_____/ \_____|
2026-09-19 07:42:10 [INFO]                        
2026-09-19 16:44:08 [INFO] CSC is loading...   Success！
2026-09-19 16:48:18 [INFO]    _____  _____  _____ 
2026-09-19 16:48:18 [INFO]   / ____|/ ____|/ ____|
2026-09-19 16:48:18 [INFO]  | |    | (___ | |        [CSC] Version: v2.27.45
2026-09-19 16:48:18 [INFO]  | |     \___ \| |        Minecraft Version: 1.21.1 neoforge
2026-09-19 16:48:18 [INFO]  | |____ ____) | |____    Problem/Feedback: Discord: https://discord.gg/rQV5JPauY7
2026-09-19 16:48:18 [INFO]   \_____|_____/ \_____|
2026-09-19 16:48:18 [INFO]                        
2026-09-19 18:08:43 [INFO] CSC close completely, thanks for using!
2026-09-19 18:09:01 [INFO]    _____  _____  _____ 
2026-09-19 18:09:01 [INFO]   / ____|/ ____|/ ____|
2026-09-19 18:09:01 [INFO]  | |    | (___ | |        [CSC] Version: v2.27.45
2026-09-19 18:09:01 [INFO]  | |     \___ \| |        Minecraft Version: 1.21.1 neoforge
2026-09-19 18:09:01 [INFO]  | |____ ____) | |____    Problem/Feedback: Discord: https://discord.gg/rQV5JPauY7
2026-09-19 18:09:01 [INFO]   \_____|_____/ \_____|
2026-09-19 18:09:01 [INFO]                        
2026-09-21 21:51:15 [INFO] CSC is loading...   Success！
2026-09-21 21:52:28 [INFO]    _____  _____  _____ 
2026-09-21 21:52:28 [INFO]   / ____|/ ____|/ ____|
2026-09-21 21:52:28 [INFO]  | |    | (___ | |        [CSC] Version: v2.27.45
2026-09-21 21:52:28 [INFO]  | |     \___ \| |        Minecraft Version: 1.21.1 neoforge
2026-09-21 21:52:28 [INFO]  | |____ ____) | |____    Problem/Feedback: Discord: https://discord.gg/rQV5JPauY7
2026-09-21 21:52:28 [INFO]   \_____|_____/ \_____|
2026-09-21 21:52:28 [INFO]                        
2026-09-21 22:39:39 [INFO] CSC close completely, thanks for using!
2026-09-21 22:39:59 [INFO]    _____  _____  _____ 
2026-09-21 22:39:59 [INFO]   / ____|/ ____|/ ____|
2026-09-21 22:39:59 [INFO]  | |    | (___ | |        [CSC] Version: v2.27.45
2026-09-21 22:39:59 [INFO]  | |     \___ \| |        Minecraft Version: 1.21.1 neoforge
2026-09-21 22:39:59 [INFO]  | |____ ____) | |____    Problem/Feedback: Discord: https://discord.gg/rQV5JPauY7
2026-09-21 22:39:59 [INFO]   \_____|_____/ \_____|
2026-09-21 22:39:59 [INFO]                        
2026-09-21 22:53:27 [INFO] CSC close completely, thanks for using!
2026-09-21 22:54:23 [INFO]    _____  _____  _____ 
2026-09-21 22:54:23 [INFO]   / ____|/ ____|/ ____|
2026-09-21 22:54:23 [INFO]  | |    | (___ | |        [CSC] Version: v2.27.45
2026-09-21 22:54:23 [INFO]  | |     \___ \| |        Minecraft Version: 1.21.1 neoforge
2026-09-21 22:54:23 [INFO]  | |____ ____) | |____    Problem/Feedback: Discord: https://discord.gg/rQV5JPauY7
2026-09-21 22:54:23 [INFO]   \_____|_____/ \_____|
2026-09-21 22:54:23 [INFO]                        
2026-09-21 23:33:07 [INFO] CSC is loading...   Success！
2026-09-21 23:35:39 [INFO]    _____  _____  _____ 
2026-09-21 23:35:39 [INFO]   / ____|/ ____|/ ____|
2026-09-21 23:35:39 [INFO]  | |    | (___ | |        [CSC] Version: v2.27.45
2026-09-21 23:35:39 [INFO]  | |     \___ \| |        Minecraft Version: 1.21.1 neoforge
2026-09-21 23:35:39 [INFO]  | |____ ____) | |____    Problem/Feedback: Discord: https://discord.gg/rQV5JPauY7
2026-09-21 23:35:39 [INFO]   \_____|_____/ \_____|
2026-09-21 23:35:39 [INFO]                        
2026-09-21 23:41:48 [INFO] CSC is loading...   Success！
2026-09-21 23:43:05 [INFO]    _____  _____  _____ 
2026-09-21 23:43:05 [INFO]   / ____|/ ____|/ ____|
2026-09-21 23:43:05 [INFO]  | |    | (___ | |        [CSC] Version: v2.27.45
2026-09-21 23:43:05 [INFO]  | |     \___ \| |        Minecraft Version: 1.21.1 neoforge
2026-09-21 23:43:05 [INFO]  | |____ ____) | |____    Problem/Feedback: Discord: https://discord.gg/rQV5JPauY7
2026-09-21 23:43:05 [INFO]   \_____|_____/ \_____|
2026-09-21 23:43:05 [INFO]                        
2026-09-22 00:17:45 [INFO] CSC is loading...   Success！
2026-09-22 00:18:43 [INFO]    _____  _____  _____ 
2026-09-22 00:18:43 [INFO]   / ____|/ ____|/ ____|
2026-09-22 00:18:43 [INFO]  | |    | (___ | |        [CSC] Version: v2.27.45
2026-09-22 00:18:43 [INFO]  | |     \___ \| |        Minecraft Version: 1.21.1 neoforge
2026-09-22 00:18:43 [INFO]  | |____ ____) | |____    Problem/Feedback: Discord: https://discord.gg/rQV5JPauY7
2026-09-22 00:18:43 [INFO]   \_____|_____/ \_____|
2026-09-22 00:18:43 [INFO]                        
2026-09-22 00:24:12 [INFO] CSC close completely, thanks for using!
2026-09-22 23:31:17 [INFO] CSC is loading...   Success！
2026-09-22 23:33:24 [INFO]    _____  _____  _____ 
2026-09-22 23:33:24 [INFO]   / ____|/ ____|/ ____|
2026-09-22 23:33:24 [INFO]  | |    | (___ | |        [CSC] Version: v2.27.45
2026-09-22 23:33:24 [INFO]  | |     \___ \| |        Minecraft Version: 1.21.1 neoforge
2026-09-22 23:33:24 [INFO]  | |____ ____) | |____    Problem/Feedback: Discord: https://discord.gg/rQV5JPauY7
2026-09-22 23:33:24 [INFO]   \_____|_____/ \_____|
2026-09-22 23:33:24 [INFO]                        
2026-09-23 00:30:02 [INFO] CSC close completely, thanks for using!
2026-09-25 16:09:56 [INFO] CSC is loading...   Success！
2026-09-25 16:11:32 [INFO]    _____  _____  _____ 
2026-09-25 16:11:32 [INFO]   / ____|/ ____|/ ____|
2026-09-25 16:11:32 [INFO]  | |    | (___ | |        [CSC] Version: v2.27.45
2026-09-25 16:11:32 [INFO]  | |     \___ \| |        Minecraft Version: 1.21.1 neoforge
2026-09-25 16:11:32 [INFO]  | |____ ____) | |____    Problem/Feedback: Discord: https://discord.gg/rQV5JPauY7
2026-09-25 16:11:32 [INFO]   \_____|_____/ \_____|
2026-09-25 16:11:32 [INFO]                        
2026-09-25 16:35:13 [INFO] CSC close completely, thanks for using!
2026-09-25 16:37:07 [INFO]    _____  _____  _____ 
2026-09-25 16:37:07 [INFO]   / ____|/ ____|/ ____|
2026-09-25 16:37:07 [INFO]  | |    | (___ | |        [CSC] Version: v2.27.45
2026-09-25 16:37:07 [INFO]  | |     \___ \| |        Minecraft Version: 1.21.1 neoforge
2026-09-25 16:37:07 [INFO]  | |____ ____) | |____    Problem/Feedback: Discord: https://discord.gg/rQV5JPauY7
2026-09-25 16:37:07 [INFO]   \_____|_____/ \_____|
2026-09-25 16:37:07 [INFO]                        
2026-09-25 16:49:35 [INFO] CSC is loading...   Success！
2026-09-25 16:51:31 [INFO]    _____  _____  _____ 
2026-09-25 16:51:31 [INFO]   / ____|/ ____|/ ____|
2026-09-25 16:51:31 [INFO]  | |    | (___ | |        [CSC] Version: v2.27.45
2026-09-25 16:51:31 [INFO]  | |     \___ \| |        Minecraft Version: 1.21.1 neoforge
2026-09-25 16:51:31 [INFO]  | |____ ____) | |____    Problem/Feedback: Discord: https://discord.gg/rQV5JPauY7
2026-09-25 16:51:31 [INFO]   \_____|_____/ \_____|
2026-09-25 16:51:31 [INFO]                        
2026-09-25 16:52:04 [INFO] CSC close completely, thanks for using!
2026-09-25 16:53:31 [INFO]    _____  _____  _____ 
2026-09-25 16:53:31 [INFO]   / ____|/ ____|/ ____|
2026-09-25 16:53:31 [INFO]  | |    | (___ | |        [CSC] Version: v2.27.45
2026-09-25 16:53:31 [INFO]  | |     \___ \| |        Minecraft Version: 1.21.1 neoforge
2026-09-25 16:53:31 [INFO]  | |____ ____) | |____    Problem/Feedback: Discord: https://discord.gg/rQV5JPauY7
2026-09-25 16:53:31 [INFO]   \_____|_____/ \_____|
2026-09-25 16:53:31 [INFO]                        
2026-09-25 17:13:21 [INFO] CSC is loading...   Success！
2026-09-25 17:15:21 [INFO]    _____  _____  _____ 
2026-09-25 17:15:21 [INFO]   / ____|/ ____|/ ____|
2026-09-25 17:15:21 [INFO]  | |    | (___ | |        [CSC] Version: v2.27.45
2026-09-25 17:15:21 [INFO]  | |     \___ \| |        Minecraft Version: 1.21.1 neoforge
2026-09-25 17:15:21 [INFO]  | |____ ____) | |____    Problem/Feedback: Discord: https://discord.gg/rQV5JPauY7
2026-09-25 17:15:21 [INFO]   \_____|_____/ \_____|
2026-09-25 17:15:21 [INFO]                        
2026-09-25 17:32:27 [INFO] CSC close completely, thanks for using!
2026-09-25 17:35:17 [INFO] CSC is loading...   Success！
2026-09-25 17:36:16 [INFO]    _____  _____  _____ 
2026-09-25 17:36:16 [INFO]   / ____|/ ____|/ ____|
2026-09-25 17:36:16 [INFO]  | |    | (___ | |        [CSC] Version: v2.27.45
2026-09-25 17:36:16 [INFO]  | |     \___ \| |        Minecraft Version: 1.21.1 neoforge
2026-09-25 17:36:16 [INFO]  | |____ ____) | |____    Problem/Feedback: Discord: https://discord.gg/rQV5JPauY7
2026-09-25 17:36:16 [INFO]   \_____|_____/ \_____|
2026-09-25 17:36:16 [INFO]                        
2026-09-25 17:38:43 [INFO] CSC close completely, thanks for using!
2026-09-25 17:40:12 [INFO]    _____  _____  _____ 
2026-09-25 17:40:12 [INFO]   / ____|/ ____|/ ____|
2026-09-25 17:40:12 [INFO]  | |    | (___ | |        [CSC] Version: v2.27.45
2026-09-25 17:40:12 [INFO]  | |     \___ \| |        Minecraft Version: 1.21.1 neoforge
2026-09-25 17:40:12 [INFO]  | |____ ____) | |____    Problem/Feedback: Discord: https://discord.gg/rQV5JPauY7
2026-09-25 17:40:12 [INFO]   \_____|_____/ \_____|
2026-09-25 17:40:12 [INFO]                        
2026-09-25 17:45:32 [INFO] CSC close completely, thanks for using!
2026-09-25 17:45:51 [INFO]    _____  _____  _____ 
2026-09-25 17:45:51 [INFO]   / ____|/ ____|/ ____|
2026-09-25 17:45:51 [INFO]  | |    | (___ | |        [CSC] Version: v2.27.45
2026-09-25 17:45:51 [INFO]  | |     \___ \| |        Minecraft Version: 1.21.1 neoforge
2026-09-25 17:45:51 [INFO]  | |____ ____) | |____    Problem/Feedback: Discord: https://discord.gg/rQV5JPauY7
2026-09-25 17:45:51 [INFO]   \_____|_____/ \_____|
2026-09-25 17:45:51 [INFO]                        
2026-09-25 19:40:27 [INFO] CSC is loading...   Success！
2026-09-25 19:43:15 [INFO]    _____  _____  _____ 
2026-09-25 19:43:15 [INFO]   / ____|/ ____|/ ____|
2026-09-25 19:43:15 [INFO]  | |    | (___ | |        [CSC] Version: v2.27.45
2026-09-25 19:43:15 [INFO]  | |     \___ \| |        Minecraft Version: 1.21.1 neoforge
2026-09-25 19:43:15 [INFO]  | |____ ____) | |____    Problem/Feedback: Discord: https://discord.gg/rQV5JPauY7
2026-09-25 19:43:15 [INFO]   \_____|_____/ \_____|
2026-09-25 19:43:15 [INFO]                        
2026-09-25 20:15:10 [INFO] CSC is loading...   Success！
2026-09-25 20:19:43 [INFO]    _____  _____  _____ 
2026-09-25 20:19:43 [INFO]   / ____|/ ____|/ ____|
2026-09-25 20:19:43 [INFO]  | |    | (___ | |        [CSC] Version: v2.27.45
2026-09-25 20:19:43 [INFO]  | |     \___ \| |        Minecraft Version: 1.21.1 neoforge
2026-09-25 20:19:43 [INFO]  | |____ ____) | |____    Problem/Feedback: Discord: https://discord.gg/rQV5JPauY7
2026-09-25 20:19:43 [INFO]   \_____|_____/ \_____|
2026-09-25 20:19:43 [INFO]                        
2026-09-25 20:19:48 [INFO] CSC close completely, thanks for using!
2026-09-25 20:22:29 [INFO] CSC is loading...   Success！
2026-09-25 20:25:40 [INFO]    _____  _____  _____ 
2026-09-25 20:25:40 [INFO]   / ____|/ ____|/ ____|
2026-09-25 20:25:40 [INFO]  | |    | (___ | |        [CSC] Version: v2.27.45
2026-09-25 20:25:40 [INFO]  | |     \___ \| |        Minecraft Version: 1.21.1 neoforge
2026-09-25 20:25:40 [INFO]  | |____ ____) | |____    Problem/Feedback: Discord: https://discord.gg/rQV5JPauY7
2026-09-25 20:25:40 [INFO]   \_____|_____/ \_____|
2026-09-25 20:25:40 [INFO]                        
2026-09-25 20:38:41 [INFO] CSC is loading...   Success！
2026-09-25 20:46:31 [INFO]    _____  _____  _____ 
2026-09-25 20:46:31 [INFO]   / ____|/ ____|/ ____|
2026-09-25 20:46:31 [INFO]  | |    | (___ | |        [CSC] Version: v2.27.45
2026-09-25 20:46:31 [INFO]  | |     \___ \| |        Minecraft Version: 1.21.1 neoforge
2026-09-25 20:46:31 [INFO]  | |____ ____) | |____    Problem/Feedback: Discord: https://discord.gg/rQV5JPauY7
2026-09-25 20:46:31 [INFO]   \_____|_____/ \_____|
2026-09-25 20:46:31 [INFO]                        
2026-09-25 20:48:56 [INFO] CSC close completely, thanks for using!
2026-09-25 20:50:01 [INFO]    _____  _____  _____ 
2026-09-25 20:50:01 [INFO]   / ____|/ ____|/ ____|
2026-09-25 20:50:01 [INFO]  | |    | (___ | |        [CSC] Version: v2.27.45
2026-09-25 20:50:01 [INFO]  | |     \___ \| |        Minecraft Version: 1.21.1 neoforge
2026-09-25 20:50:01 [INFO]  | |____ ____) | |____    Problem/Feedback: Discord: https://discord.gg/rQV5JPauY7
2026-09-25 20:50:01 [INFO]   \_____|_____/ \_____|
2026-09-25 20:50:01 [INFO]                        
2026-09-25 21:27:55 [INFO] CSC is loading...   Success！
2026-09-25 21:29:26 [INFO]    _____  _____  _____ 
2026-09-25 21:29:26 [INFO]   / ____|/ ____|/ ____|
2026-09-25 21:29:26 [INFO]  | |    | (___ | |        [CSC] Version: v2.27.45
2026-09-25 21:29:26 [INFO]  | |     \___ \| |        Minecraft Version: 1.21.1 neoforge
2026-09-25 21:29:26 [INFO]  | |____ ____) | |____    Problem/Feedback: Discord: https://discord.gg/rQV5JPauY7
2026-09-25 21:29:26 [INFO]   \_____|_____/ \_____|
2026-09-25 21:29:26 [INFO]                        
2026-09-25 22:03:54 [INFO] CSC is loading...   Success！
2026-09-25 22:08:18 [INFO]    _____  _____  _____ 
2026-09-25 22:08:18 [INFO]   / ____|/ ____|/ ____|
2026-09-25 22:08:18 [INFO]  | |    | (___ | |        [CSC] Version: v2.27.45
2026-09-25 22:08:18 [INFO]  | |     \___ \| |        Minecraft Version: 1.21.1 neoforge
2026-09-25 22:08:18 [INFO]  | |____ ____) | |____    Problem/Feedback: Discord: https://discord.gg/rQV5JPauY7
2026-09-25 22:08:18 [INFO]   \_____|_____/ \_____|
2026-09-25 22:08:18 [INFO]                        
2026-09-25 22:09:47 [INFO] CSC close completely, thanks for using!
2026-09-25 22:10:06 [INFO]    _____  _____  _____ 
2026-09-25 22:10:06 [INFO]   / ____|/ ____|/ ____|
2026-09-25 22:10:06 [INFO]  | |    | (___ | |        [CSC] Version: v2.27.45
2026-09-25 22:10:06 [INFO]  | |     \___ \| |        Minecraft Version: 1.21.1 neoforge
2026-09-25 22:10:06 [INFO]  | |____ ____) | |____    Problem/Feedback: Discord: https://discord.gg/rQV5JPauY7
2026-09-25 22:10:06 [INFO]   \_____|_____/ \_____|
2026-09-25 22:10:06 [INFO]                        
2026-09-25 22:17:10 [INFO] CSC is loading...   Success！
2026-09-25 22:19:18 [INFO]    _____  _____  _____ 
2026-09-25 22:19:18 [INFO]   / ____|/ ____|/ ____|
2026-09-25 22:19:18 [INFO]  | |    | (___ | |        [CSC] Version: v2.27.45
2026-09-25 22:19:18 [INFO]  | |     \___ \| |        Minecraft Version: 1.21.1 neoforge
2026-09-25 22:19:18 [INFO]  | |____ ____) | |____    Problem/Feedback: Discord: https://discord.gg/rQV5JPauY7
2026-09-25 22:19:18 [INFO]   \_____|_____/ \_____|
2026-09-25 22:19:18 [INFO]                        
2026-09-25 22:33:13 [INFO] CSC close completely, thanks for using!
2026-09-25 22:33:35 [INFO]    _____  _____  _____ 
2026-09-25 22:33:35 [INFO]   / ____|/ ____|/ ____|
2026-09-25 22:33:35 [INFO]  | |    | (___ | |        [CSC] Version: v2.27.45
2026-09-25 22:33:35 [INFO]  | |     \___ \| |        Minecraft Version: 1.21.1 neoforge
2026-09-25 22:33:35 [INFO]  | |____ ____) | |____    Problem/Feedback: Discord: https://discord.gg/rQV5JPauY7
2026-09-25 22:33:35 [INFO]   \_____|_____/ \_____|
2026-09-25 22:33:35 [INFO]                        
2026-09-25 22:35:45 [INFO] CSC close completely, thanks for using!
2026-09-25 22:36:38 [INFO]    _____  _____  _____ 
2026-09-25 22:36:38 [INFO]   / ____|/ ____|/ ____|
2026-09-25 22:36:38 [INFO]  | |    | (___ | |        [CSC] Version: v2.27.45
2026-09-25 22:36:38 [INFO]  | |     \___ \| |        Minecraft Version: 1.21.1 neoforge
2026-09-25 22:36:38 [INFO]  | |____ ____) | |____    Problem/Feedback: Discord: https://discord.gg/rQV5JPauY7
2026-09-25 22:36:38 [INFO]   \_____|_____/ \_____|
2026-09-25 22:36:38 [INFO]                        
2026-09-25 22:53:58 [INFO] CSC is loading...   Success！
2026-09-25 22:56:39 [INFO]    _____  _____  _____ 
2026-09-25 22:56:39 [INFO]   / ____|/ ____|/ ____|
2026-09-25 22:56:39 [INFO]  | |    | (___ | |        [CSC] Version: v2.27.45
2026-09-25 22:56:39 [INFO]  | |     \___ \| |        Minecraft Version: 1.21.1 neoforge
2026-09-25 22:56:39 [INFO]  | |____ ____) | |____    Problem/Feedback: Discord: https://discord.gg/rQV5JPauY7
2026-09-25 22:56:39 [INFO]   \_____|_____/ \_____|
2026-09-25 22:56:39 [INFO]                        
2026-09-25 23:07:16 [INFO] CSC is loading...   Success！
2026-09-25 23:09:09 [INFO]    _____  _____  _____ 
2026-09-25 23:09:09 [INFO]   / ____|/ ____|/ ____|
2026-09-25 23:09:09 [INFO]  | |    | (___ | |        [CSC] Version: v2.27.45
2026-09-25 23:09:09 [INFO]  | |     \___ \| |        Minecraft Version: 1.21.1 neoforge
2026-09-25 23:09:09 [INFO]  | |____ ____) | |____    Problem/Feedback: Discord: https://discord.gg/rQV5JPauY7
2026-09-25 23:09:09 [INFO]   \_____|_____/ \_____|
2026-09-25 23:09:09 [INFO]                        
2026-09-25 23:16:39 [INFO] CSC is loading...   Success！
2026-09-25 23:18:41 [INFO]    _____  _____  _____ 
2026-09-25 23:18:41 [INFO]   / ____|/ ____|/ ____|
2026-09-25 23:18:41 [INFO]  | |    | (___ | |        [CSC] Version: v2.27.45
2026-09-25 23:18:41 [INFO]  | |     \___ \| |        Minecraft Version: 1.21.1 neoforge
2026-09-25 23:18:41 [INFO]  | |____ ____) | |____    Problem/Feedback: Discord: https://discord.gg/rQV5JPauY7
2026-09-25 23:18:41 [INFO]   \_____|_____/ \_____|
2026-09-25 23:18:41 [INFO]                        
2026-09-25 23:23:19 [INFO] CSC is loading...   Success！
2026-09-25 23:25:36 [INFO]    _____  _____  _____ 
2026-09-25 23:25:36 [INFO]   / ____|/ ____|/ ____|
2026-09-25 23:25:36 [INFO]  | |    | (___ | |        [CSC] Version: v2.27.45
2026-09-25 23:25:36 [INFO]  | |     \___ \| |        Minecraft Version: 1.21.1 neoforge
2026-09-25 23:25:36 [INFO]  | |____ ____) | |____    Problem/Feedback: Discord: https://discord.gg/rQV5JPauY7
2026-09-25 23:25:36 [INFO]   \_____|_____/ \_____|
2026-09-25 23:25:36 [INFO]                        
2026-09-25 23:28:00 [INFO] CSC close completely, thanks for using!
2026-09-25 23:28:23 [INFO]    _____  _____  _____ 
2026-09-25 23:28:23 [INFO]   / ____|/ ____|/ ____|
2026-09-25 23:28:23 [INFO]  | |    | (___ | |        [CSC] Version: v2.27.45
2026-09-25 23:28:23 [INFO]  | |     \___ \| |        Minecraft Version: 1.21.1 neoforge
2026-09-25 23:28:23 [INFO]  | |____ ____) | |____    Problem/Feedback: Discord: https://discord.gg/rQV5JPauY7
2026-09-25 23:28:23 [INFO]   \_____|_____/ \_____|
2026-09-25 23:28:23 [INFO]                        
2026-09-25 23:29:20 [INFO] CSC close completely, thanks for using!
2026-09-25 23:30:22 [INFO]    _____  _____  _____ 
2026-09-25 23:30:22 [INFO]   / ____|/ ____|/ ____|
2026-09-25 23:30:22 [INFO]  | |    | (___ | |        [CSC] Version: v2.27.45
2026-09-25 23:30:22 [INFO]  | |     \___ \| |        Minecraft Version: 1.21.1 neoforge
2026-09-25 23:30:22 [INFO]  | |____ ____) | |____    Problem/Feedback: Discord: https://discord.gg/rQV5JPauY7
2026-09-25 23:30:22 [INFO]   \_____|_____/ \_____|
2026-09-25 23:30:22 [INFO]                        
2026-09-25 23:35:39 [INFO] CSC close completely, thanks for using!
2026-09-25 23:36:04 [INFO]    _____  _____  _____ 
2026-09-25 23:36:04 [INFO]   / ____|/ ____|/ ____|
2026-09-25 23:36:04 [INFO]  | |    | (___ | |        [CSC] Version: v2.27.45
2026-09-25 23:36:04 [INFO]  | |     \___ \| |        Minecraft Version: 1.21.1 neoforge
2026-09-25 23:36:04 [INFO]  | |____ ____) | |____    Problem/Feedback: Discord: https://discord.gg/rQV5JPauY7
2026-09-25 23:36:04 [INFO]   \_____|_____/ \_____|
2026-09-25 23:36:04 [INFO]                        
2026-09-25 23:45:09 [INFO] CSC is loading...   Success！
2026-09-25 23:47:33 [INFO]    _____  _____  _____ 
2026-09-25 23:47:33 [INFO]   / ____|/ ____|/ ____|
2026-09-25 23:47:33 [INFO]  | |    | (___ | |        [CSC] Version: v2.27.45
2026-09-25 23:47:33 [INFO]  | |     \___ \| |        Minecraft Version: 1.21.1 neoforge
2026-09-25 23:47:33 [INFO]  | |____ ____) | |____    Problem/Feedback: Discord: https://discord.gg/rQV5JPauY7
2026-09-25 23:47:33 [INFO]   \_____|_____/ \_____|
2026-09-25 23:47:33 [INFO]                        
2026-09-25 23:52:19 [INFO] CSC close completely, thanks for using!
2026-09-25 23:53:13 [INFO]    _____  _____  _____ 
2026-09-25 23:53:13 [INFO]   / ____|/ ____|/ ____|
2026-09-25 23:53:13 [INFO]  | |    | (___ | |        [CSC] Version: v2.27.45
2026-09-25 23:53:13 [INFO]  | |     \___ \| |        Minecraft Version: 1.21.1 neoforge
2026-09-25 23:53:13 [INFO]  | |____ ____) | |____    Problem/Feedback: Discord: https://discord.gg/rQV5JPauY7
2026-09-25 23:53:13 [INFO]   \_____|_____/ \_____|
2026-09-25 23:53:13 [INFO]                        
2026-09-26 00:03:13 [INFO] CSC is loading...   Success！
2026-09-26 00:05:23 [INFO]    _____  _____  _____ 
2026-09-26 00:05:23 [INFO]   / ____|/ ____|/ ____|
2026-09-26 00:05:23 [INFO]  | |    | (___ | |        [CSC] Version: v2.27.45
2026-09-26 00:05:23 [INFO]  | |     \___ \| |        Minecraft Version: 1.21.1 neoforge
2026-09-26 00:05:23 [INFO]  | |____ ____) | |____    Problem/Feedback: Discord: https://discord.gg/rQV5JPauY7
2026-09-26 00:05:23 [INFO]   \_____|_____/ \_____|
2026-09-26 00:05:23 [INFO]                        
2026-09-26 00:05:28 [INFO] CSC close completely, thanks for using!
2026-09-26 00:06:51 [INFO] CSC is loading...   Success！
2026-09-26 00:09:16 [INFO]    _____  _____  _____ 
2026-09-26 00:09:16 [INFO]   / ____|/ ____|/ ____|
2026-09-26 00:09:16 [INFO]  | |    | (___ | |        [CSC] Version: v2.27.45
2026-09-26 00:09:16 [INFO]  | |     \___ \| |        Minecraft Version: 1.21.1 neoforge
2026-09-26 00:09:16 [INFO]  | |____ ____) | |____    Problem/Feedback: Discord: https://discord.gg/rQV5JPauY7
2026-09-26 00:09:16 [INFO]   \_____|_____/ \_____|
2026-09-26 00:09:16 [INFO]                        
2026-09-26 00:16:18 [INFO] CSC close completely, thanks for using!
2026-09-26 00:24:51 [INFO] CSC is loading...   Success！
2026-09-26 00:26:38 [INFO]    _____  _____  _____ 
2026-09-26 00:26:38 [INFO]   / ____|/ ____|/ ____|
2026-09-26 00:26:38 [INFO]  | |    | (___ | |        [CSC] Version: v2.27.45
2026-09-26 00:26:38 [INFO]  | |     \___ \| |        Minecraft Version: 1.21.1 neoforge
2026-09-26 00:26:38 [INFO]  | |____ ____) | |____    Problem/Feedback: Discord: https://discord.gg/rQV5JPauY7
2026-09-26 00:26:38 [INFO]   \_____|_____/ \_____|
2026-09-26 00:26:38 [INFO]                        
2026-09-26 00:28:31 [INFO] CSC close completely, thanks for using!
2026-09-26 00:28:50 [INFO]    _____  _____  _____ 
2026-09-26 00:28:50 [INFO]   / ____|/ ____|/ ____|
2026-09-26 00:28:50 [INFO]  | |    | (___ | |        [CSC] Version: v2.27.45
2026-09-26 00:28:50 [INFO]  | |     \___ \| |        Minecraft Version: 1.21.1 neoforge
2026-09-26 00:28:50 [INFO]  | |____ ____) | |____    Problem/Feedback: Discord: https://discord.gg/rQV5JPauY7
2026-09-26 00:28:50 [INFO]   \_____|_____/ \_____|
2026-09-26 00:28:50 [INFO]                        
2026-09-26 00:39:31 [INFO] CSC close completely, thanks for using!
2026-09-26 00:39:54 [INFO]    _____  _____  _____ 
2026-09-26 00:39:54 [INFO]   / ____|/ ____|/ ____|
2026-09-26 00:39:54 [INFO]  | |    | (___ | |        [CSC] Version: v2.27.45
2026-09-26 00:39:54 [INFO]  | |     \___ \| |        Minecraft Version: 1.21.1 neoforge
2026-09-26 00:39:54 [INFO]  | |____ ____) | |____    Problem/Feedback: Discord: https://discord.gg/rQV5JPauY7
2026-09-26 00:39:54 [INFO]   \_____|_____/ \_____|
2026-09-26 00:39:54 [INFO]                        
2026-09-26 00:41:32 [INFO] CSC close completely, thanks for using!
2026-09-26 00:41:54 [INFO]    _____  _____  _____ 
2026-09-26 00:41:54 [INFO]   / ____|/ ____|/ ____|
2026-09-26 00:41:54 [INFO]  | |    | (___ | |        [CSC] Version: v2.27.45
2026-09-26 00:41:54 [INFO]  | |     \___ \| |        Minecraft Version: 1.21.1 neoforge
2026-09-26 00:41:54 [INFO]  | |____ ____) | |____    Problem/Feedback: Discord: https://discord.gg/rQV5JPauY7
2026-09-26 00:41:54 [INFO]   \_____|_____/ \_____|
2026-09-26 00:41:54 [INFO]                        
2026-09-26 00:45:10 [INFO] CSC is loading...   Success！
2026-09-26 00:47:07 [INFO]    _____  _____  _____ 
2026-09-26 00:47:07 [INFO]   / ____|/ ____|/ ____|
2026-09-26 00:47:07 [INFO]  | |    | (___ | |        [CSC] Version: v2.27.45
2026-09-26 00:47:07 [INFO]  | |     \___ \| |        Minecraft Version: 1.21.1 neoforge
2026-09-26 00:47:07 [INFO]  | |____ ____) | |____    Problem/Feedback: Discord: https://discord.gg/rQV5JPauY7
2026-09-26 00:47:07 [INFO]   \_____|_____/ \_____|
2026-09-26 00:47:07 [INFO]                        
2026-09-26 00:50:55 [INFO] CSC close completely, thanks for using!
2026-09-26 00:51:14 [INFO]    _____  _____  _____ 
2026-09-26 00:51:14 [INFO]   / ____|/ ____|/ ____|
2026-09-26 00:51:14 [INFO]  | |    | (___ | |        [CSC] Version: v2.27.45
2026-09-26 00:51:14 [INFO]  | |     \___ \| |        Minecraft Version: 1.21.1 neoforge
2026-09-26 00:51:14 [INFO]  | |____ ____) | |____    Problem/Feedback: Discord: https://discord.gg/rQV5JPauY7
2026-09-26 00:51:14 [INFO]   \_____|_____/ \_____|
2026-09-26 00:51:14 [INFO]                        
2026-09-26 01:06:04 [INFO] CSC close completely, thanks for using!
2026-09-26 01:06:24 [INFO]    _____  _____  _____ 
2026-09-26 01:06:24 [INFO]   / ____|/ ____|/ ____|
2026-09-26 01:06:24 [INFO]  | |    | (___ | |        [CSC] Version: v2.27.45
2026-09-26 01:06:24 [INFO]  | |     \___ \| |        Minecraft Version: 1.21.1 neoforge
2026-09-26 01:06:24 [INFO]  | |____ ____) | |____    Problem/Feedback: Discord: https://discord.gg/rQV5JPauY7
2026-09-26 01:06:24 [INFO]   \_____|_____/ \_____|
2026-09-26 01:06:24 [INFO]                        
2026-09-26 18:39:54 [INFO] CSC is loading...   Success！
2026-09-26 18:46:51 [INFO]    _____  _____  _____ 
2026-09-26 18:46:51 [INFO]   / ____|/ ____|/ ____|
2026-09-26 18:46:51 [INFO]  | |    | (___ | |        [CSC] Version: v2.27.45
2026-09-26 18:46:51 [INFO]  | |     \___ \| |        Minecraft Version: 1.21.1 neoforge
2026-09-26 18:46:51 [INFO]  | |____ ____) | |____    Problem/Feedback: Discord: https://discord.gg/rQV5JPauY7
2026-09-26 18:46:51 [INFO]   \_____|_____/ \_____|
2026-09-26 18:46:51 [INFO]                        
2026-09-26 22:55:47 [INFO] CSC is loading...   Success！
2026-09-26 22:58:06 [INFO]    _____  _____  _____ 
2026-09-26 22:58:06 [INFO]   / ____|/ ____|/ ____|
2026-09-26 22:58:06 [INFO]  | |    | (___ | |        [CSC] Version: v2.27.45
2026-09-26 22:58:06 [INFO]  | |     \___ \| |        Minecraft Version: 1.21.1 neoforge
2026-09-26 22:58:06 [INFO]  | |____ ____) | |____    Problem/Feedback: Discord: https://discord.gg/rQV5JPauY7
2026-09-26 22:58:06 [INFO]   \_____|_____/ \_____|
2026-09-26 22:58:06 [INFO]                        
2026-09-26 23:04:47 [INFO] CSC close completely, thanks for using!
2026-09-26 23:05:59 [INFO]    _____  _____  _____ 
2026-09-26 23:05:59 [INFO]   / ____|/ ____|/ ____|
2026-09-26 23:05:59 [INFO]  | |    | (___ | |        [CSC] Version: v2.27.45
2026-09-26 23:05:59 [INFO]  | |     \___ \| |        Minecraft Version: 1.21.1 neoforge
2026-09-26 23:05:59 [INFO]  | |____ ____) | |____    Problem/Feedback: Discord: https://discord.gg/rQV5JPauY7
2026-09-26 23:05:59 [INFO]   \_____|_____/ \_____|
2026-09-26 23:05:59 [INFO]                        
2026-09-26 23:07:38 [INFO] CSC close completely, thanks for using!
2026-09-26 23:08:03 [INFO]    _____  _____  _____ 
2026-09-26 23:08:03 [INFO]   / ____|/ ____|/ ____|
2026-09-26 23:08:03 [INFO]  | |    | (___ | |        [CSC] Version: v2.27.45
2026-09-26 23:08:03 [INFO]  | |     \___ \| |        Minecraft Version: 1.21.1 neoforge
2026-09-26 23:08:03 [INFO]  | |____ ____) | |____    Problem/Feedback: Discord: https://discord.gg/rQV5JPauY7
2026-09-26 23:08:03 [INFO]   \_____|_____/ \_____|
2026-09-26 23:08:03 [INFO]                        
2026-09-26 23:21:49 [INFO] CSC close completely, thanks for using!
2026-09-26 23:27:54 [INFO]    _____  _____  _____ 
2026-09-26 23:27:54 [INFO]   / ____|/ ____|/ ____|
2026-09-26 23:27:54 [INFO]  | |    | (___ | |        [CSC] Version: v2.27.45
2026-09-26 23:27:54 [INFO]  | |     \___ \| |        Minecraft Version: 1.21.1 neoforge
2026-09-26 23:27:54 [INFO]  | |____ ____) | |____    Problem/Feedback: Discord: https://discord.gg/rQV5JPauY7
2026-09-26 23:27:54 [INFO]   \_____|_____/ \_____|
2026-09-26 23:27:54 [INFO]                        
2026-09-26 23:33:55 [INFO] CSC close completely, thanks for using!
2026-09-26 23:35:23 [INFO]    _____  _____  _____ 
2026-09-26 23:35:23 [INFO]   / ____|/ ____|/ ____|
2026-09-26 23:35:23 [INFO]  | |    | (___ | |        [CSC] Version: v2.27.45
2026-09-26 23:35:23 [INFO]  | |     \___ \| |        Minecraft Version: 1.21.1 neoforge
2026-09-26 23:35:23 [INFO]  | |____ ____) | |____    Problem/Feedback: Discord: https://discord.gg/rQV5JPauY7
2026-09-26 23:35:23 [INFO]   \_____|_____/ \_____|
2026-09-26 23:35:23 [INFO]                        
2026-09-26 23:38:30 [INFO] CSC close completely, thanks for using!
2026-09-26 23:38:52 [INFO]    _____  _____  _____ 
2026-09-26 23:38:52 [INFO]   / ____|/ ____|/ ____|
2026-09-26 23:38:52 [INFO]  | |    | (___ | |        [CSC] Version: v2.27.45
2026-09-26 23:38:52 [INFO]  | |     \___ \| |        Minecraft Version: 1.21.1 neoforge
2026-09-26 23:38:52 [INFO]  | |____ ____) | |____    Problem/Feedback: Discord: https://discord.gg/rQV5JPauY7
2026-09-26 23:38:52 [INFO]   \_____|_____/ \_____|
2026-09-26 23:38:52 [INFO]                        
2026-09-26 23:50:52 [INFO] CSC close completely, thanks for using!
2026-09-26 23:51:29 [INFO]    _____  _____  _____ 
2026-09-26 23:51:29 [INFO]   / ____|/ ____|/ ____|
2026-09-26 23:51:29 [INFO]  | |    | (___ | |        [CSC] Version: v2.27.45
2026-09-26 23:51:29 [INFO]  | |     \___ \| |        Minecraft Version: 1.21.1 neoforge
2026-09-26 23:51:29 [INFO]  | |____ ____) | |____    Problem/Feedback: Discord: https://discord.gg/rQV5JPauY7
2026-09-26 23:51:29 [INFO]   \_____|_____/ \_____|
2026-09-26 23:51:29 [INFO]                        
2026-09-26 23:53:38 [INFO] CSC close completely, thanks for using!
2026-09-26 23:54:05 [INFO]    _____  _____  _____ 
2026-09-26 23:54:05 [INFO]   / ____|/ ____|/ ____|
2026-09-26 23:54:05 [INFO]  | |    | (___ | |        [CSC] Version: v2.27.45
2026-09-26 23:54:05 [INFO]  | |     \___ \| |        Minecraft Version: 1.21.1 neoforge
2026-09-26 23:54:05 [INFO]  | |____ ____) | |____    Problem/Feedback: Discord: https://discord.gg/rQV5JPauY7
2026-09-26 23:54:05 [INFO]   \_____|_____/ \_____|
2026-09-26 23:54:05 [INFO]                        
2026-09-26 23:56:17 [INFO] CSC close completely, thanks for using!
2026-09-26 23:56:37 [INFO]    _____  _____  _____ 
2026-09-26 23:56:37 [INFO]   / ____|/ ____|/ ____|
2026-09-26 23:56:37 [INFO]  | |    | (___ | |        [CSC] Version: v2.27.45
2026-09-26 23:56:37 [INFO]  | |     \___ \| |        Minecraft Version: 1.21.1 neoforge
2026-09-26 23:56:37 [INFO]  | |____ ____) | |____    Problem/Feedback: Discord: https://discord.gg/rQV5JPauY7
2026-09-26 23:56:37 [INFO]   \_____|_____/ \_____|
2026-09-26 23:56:37 [INFO]                        
2026-09-27 00:07:55 [INFO] CSC is loading...   Success！
2026-09-27 00:19:14 [INFO]    _____  _____  _____ 
2026-09-27 00:19:14 [INFO]   / ____|/ ____|/ ____|
2026-09-27 00:19:14 [INFO]  | |    | (___ | |        [CSC] Version: v2.27.45
2026-09-27 00:19:14 [INFO]  | |     \___ \| |        Minecraft Version: 1.21.1 neoforge
2026-09-27 00:19:14 [INFO]  | |____ ____) | |____    Problem/Feedback: Discord: https://discord.gg/rQV5JPauY7
2026-09-27 00:19:14 [INFO]   \_____|_____/ \_____|
2026-09-27 00:19:14 [INFO]                        
2026-09-27 00:22:48 [INFO] CSC close completely, thanks for using!
2026-09-27 00:23:08 [INFO]    _____  _____  _____ 
2026-09-27 00:23:08 [INFO]   / ____|/ ____|/ ____|
2026-09-27 00:23:08 [INFO]  | |    | (___ | |        [CSC] Version: v2.27.45
2026-09-27 00:23:08 [INFO]  | |     \___ \| |        Minecraft Version: 1.21.1 neoforge
2026-09-27 00:23:08 [INFO]  | |____ ____) | |____    Problem/Feedback: Discord: https://discord.gg/rQV5JPauY7
2026-09-27 00:23:08 [INFO]   \_____|_____/ \_____|
2026-09-27 00:23:08 [INFO]                        
2026-09-27 00:35:35 [INFO] CSC close completely, thanks for using!
2026-09-27 00:35:54 [INFO]    _____  _____  _____ 
2026-09-27 00:35:54 [INFO]   / ____|/ ____|/ ____|
2026-09-27 00:35:54 [INFO]  | |    | (___ | |        [CSC] Version: v2.27.45
2026-09-27 00:35:54 [INFO]  | |     \___ \| |        Minecraft Version: 1.21.1 neoforge
2026-09-27 00:35:54 [INFO]  | |____ ____) | |____    Problem/Feedback: Discord: https://discord.gg/rQV5JPauY7
2026-09-27 00:35:54 [INFO]   \_____|_____/ \_____|
2026-09-27 00:35:54 [INFO]                        
2026-09-27 01:09:33 [INFO] thread run！goal =》./schematics/uploaded/CardboardBoxMan/targeter.nbt
2026-09-27 01:09:33 [INFO] Meow, output schematic item list!
2026-09-27 01:09:33 [INFO] ID: create:gearbox, Count: 1
2026-09-27 01:09:33 [INFO] ID: simulated:simple, Count: 1
2026-09-27 01:09:33 [INFO] ID: create:encased_shaft, Count: 4
2026-09-27 01:09:33 [INFO] ID: create:redstone_link, Count: 2
2026-09-27 01:09:33 [INFO] ID: create:motor, Count: 1
2026-09-27 01:09:33 [INFO] ID: simulated:swivel_bearing, Count: 1
2026-09-27 01:09:33 [INFO] ID: create:gearshift, Count: 1
2026-09-27 01:09:33 [INFO] bibi~ scan success time consume：91 ms
2026-09-27 08:44:45 [INFO] CSC is loading...   Success！
2026-09-27 08:46:38 [INFO]    _____  _____  _____ 
2026-09-27 08:46:38 [INFO]   / ____|/ ____|/ ____|
2026-09-27 08:46:38 [INFO]  | |    | (___ | |        [CSC] Version: v2.27.45
2026-09-27 08:46:38 [INFO]  | |     \___ \| |        Minecraft Version: 1.21.1 neoforge
2026-09-27 08:46:38 [INFO]  | |____ ____) | |____    Problem/Feedback: Discord: https://discord.gg/rQV5JPauY7
2026-09-27 08:46:38 [INFO]   \_____|_____/ \_____|
2026-09-27 08:46:38 [INFO]                        
2026-09-27 09:01:13 [INFO] CSC close completely, thanks for using!
2026-09-27 09:01:35 [INFO]    _____  _____  _____ 
2026-09-27 09:01:35 [INFO]   / ____|/ ____|/ ____|
2026-09-27 09:01:35 [INFO]  | |    | (___ | |        [CSC] Version: v2.27.45
2026-09-27 09:01:35 [INFO]  | |     \___ \| |        Minecraft Version: 1.21.1 neoforge
2026-09-27 09:01:35 [INFO]  | |____ ____) | |____    Problem/Feedback: Discord: https://discord.gg/rQV5JPauY7
2026-09-27 09:01:35 [INFO]   \_____|_____/ \_____|
2026-09-27 09:01:35 [INFO]                        
2026-09-27 13:05:36 [INFO] CSC close completely, thanks for using!
2026-09-27 13:05:56 [INFO]    _____  _____  _____ 
2026-09-27 13:05:56 [INFO]   / ____|/ ____|/ ____|
2026-09-27 13:05:56 [INFO]  | |    | (___ | |        [CSC] Version: v2.27.45
2026-09-27 13:05:56 [INFO]  | |     \___ \| |        Minecraft Version: 1.21.1 neoforge
2026-09-27 13:05:56 [INFO]  | |____ ____) | |____    Problem/Feedback: Discord: https://discord.gg/rQV5JPauY7
2026-09-27 13:05:56 [INFO]   \_____|_____/ \_____|
2026-09-27 13:05:56 [INFO]                        
2026-09-27 13:16:55 [INFO] CSC is loading...   Success！
2026-09-27 13:18:09 [INFO]    _____  _____  _____ 
2026-09-27 13:18:09 [INFO]   / ____|/ ____|/ ____|
2026-09-27 13:18:09 [INFO]  | |    | (___ | |        [CSC] Version: v2.27.45
2026-09-27 13:18:09 [INFO]  | |     \___ \| |        Minecraft Version: 1.21.1 neoforge
2026-09-27 13:18:09 [INFO]  | |____ ____) | |____    Problem/Feedback: Discord: https://discord.gg/rQV5JPauY7
2026-09-27 13:18:09 [INFO]   \_____|_____/ \_____|
2026-09-27 13:18:09 [INFO]                        
2026-09-27 13:45:07 [INFO] CSC close completely, thanks for using!
2026-09-27 23:17:33 [INFO] CSC is loading...   Success！
2026-09-27 23:18:48 [INFO]    _____  _____  _____ 
2026-09-27 23:18:48 [INFO]   / ____|/ ____|/ ____|
2026-09-27 23:18:48 [INFO]  | |    | (___ | |        [CSC] Version: v2.27.45
2026-09-27 23:18:48 [INFO]  | |     \___ \| |        Minecraft Version: 1.21.1 neoforge
2026-09-27 23:18:48 [INFO]  | |____ ____) | |____    Problem/Feedback: Discord: https://discord.gg/rQV5JPauY7
2026-09-27 23:18:48 [INFO]   \_____|_____/ \_____|
2026-09-27 23:18:48 [INFO]                        
2026-09-28 00:37:36 [INFO] CSC close completely, thanks for using!
2026-09-28 17:27:30 [INFO] CSC is loading...   Success！
2026-09-28 17:30:21 [INFO]    _____  _____  _____ 
2026-09-28 17:30:21 [INFO]   / ____|/ ____|/ ____|
2026-09-28 17:30:21 [INFO]  | |    | (___ | |        [CSC] Version: v2.27.45
2026-09-28 17:30:21 [INFO]  | |     \___ \| |        Minecraft Version: 1.21.1 neoforge
2026-09-28 17:30:21 [INFO]  | |____ ____) | |____    Problem/Feedback: Discord: https://discord.gg/rQV5JPauY7
2026-09-28 17:30:21 [INFO]   \_____|_____/ \_____|
2026-09-28 17:30:21 [INFO]                        
2026-09-28 18:25:58 [INFO] CSC is loading...   Success！
2026-09-28 18:27:15 [INFO]    _____  _____  _____ 
2026-09-28 18:27:15 [INFO]   / ____|/ ____|/ ____|
2026-09-28 18:27:15 [INFO]  | |    | (___ | |        [CSC] Version: v2.27.45
2026-09-28 18:27:15 [INFO]  | |     \___ \| |        Minecraft Version: 1.21.1 neoforge
2026-09-28 18:27:15 [INFO]  | |____ ____) | |____    Problem/Feedback: Discord: https://discord.gg/rQV5JPauY7
2026-09-28 18:27:15 [INFO]   \_____|_____/ \_____|
2026-09-28 18:27:15 [INFO]                        
2026-09-28 23:27:47 [INFO] CSC is loading...   Success！
2026-09-28 23:32:23 [INFO]    _____  _____  _____ 
2026-09-28 23:32:23 [INFO]   / ____|/ ____|/ ____|
2026-09-28 23:32:23 [INFO]  | |    | (___ | |        [CSC] Version: v2.27.45
2026-09-28 23:32:23 [INFO]  | |     \___ \| |        Minecraft Version: 1.21.1 neoforge
2026-09-28 23:32:23 [INFO]  | |____ ____) | |____    Problem/Feedback: Discord: https://discord.gg/rQV5JPauY7
2026-09-28 23:32:23 [INFO]   \_____|_____/ \_____|
2026-09-28 23:32:23 [INFO]                        
2026-09-28 23:43:15 [INFO] CSC is loading...   Success！
2026-09-28 23:44:46 [INFO]    _____  _____  _____ 
2026-09-28 23:44:46 [INFO]   / ____|/ ____|/ ____|
2026-09-28 23:44:46 [INFO]  | |    | (___ | |        [CSC] Version: v2.27.45
2026-09-28 23:44:46 [INFO]  | |     \___ \| |        Minecraft Version: 1.21.1 neoforge
2026-09-28 23:44:46 [INFO]  | |____ ____) | |____    Problem/Feedback: Discord: https://discord.gg/rQV5JPauY7
2026-09-28 23:44:46 [INFO]   \_____|_____/ \_____|
2026-09-28 23:44:46 [INFO]                        
2026-09-28 23:46:31 [INFO] CSC close completely, thanks for using!
2026-09-28 23:47:52 [INFO] CSC is loading...   Success！
2026-09-28 23:49:23 [INFO]    _____  _____  _____ 
2026-09-28 23:49:23 [INFO]   / ____|/ ____|/ ____|
2026-09-28 23:49:23 [INFO]  | |    | (___ | |        [CSC] Version: v2.27.45
2026-09-28 23:49:23 [INFO]  | |     \___ \| |        Minecraft Version: 1.21.1 neoforge
2026-09-28 23:49:23 [INFO]  | |____ ____) | |____    Problem/Feedback: Discord: https://discord.gg/rQV5JPauY7
2026-09-28 23:49:23 [INFO]   \_____|_____/ \_____|
2026-09-28 23:49:23 [INFO]                        
2026-09-29 00:08:17 [INFO] CSC is loading...   Success！
2026-09-29 00:11:37 [INFO]    _____  _____  _____ 
2026-09-29 00:11:37 [INFO]   / ____|/ ____|/ ____|
2026-09-29 00:11:37 [INFO]  | |    | (___ | |        [CSC] Version: v2.27.45
2026-09-29 00:11:37 [INFO]  | |     \___ \| |        Minecraft Version: 1.21.1 neoforge
2026-09-29 00:11:37 [INFO]  | |____ ____) | |____    Problem/Feedback: Discord: https://discord.gg/rQV5JPauY7
2026-09-29 00:11:37 [INFO]   \_____|_____/ \_____|
2026-09-29 00:11:37 [INFO]                        
2026-09-29 00:21:23 [INFO] CSC is loading...   Success！
2026-09-29 00:22:51 [INFO]    _____  _____  _____ 
2026-09-29 00:22:51 [INFO]   / ____|/ ____|/ ____|
2026-09-29 00:22:51 [INFO]  | |    | (___ | |        [CSC] Version: v2.27.45
2026-09-29 00:22:51 [INFO]  | |     \___ \| |        Minecraft Version: 1.21.1 neoforge
2026-09-29 00:22:51 [INFO]  | |____ ____) | |____    Problem/Feedback: Discord: https://discord.gg/rQV5JPauY7
2026-09-29 00:22:51 [INFO]   \_____|_____/ \_____|
2026-09-29 00:22:51 [INFO]                        
2026-09-29 00:28:56 [INFO] CSC close completely, thanks for using!
2026-09-29 16:24:58 [INFO] CSC is loading...   Success！
2026-09-29 16:31:11 [INFO]    _____  _____  _____ 
2026-09-29 16:31:11 [INFO]   / ____|/ ____|/ ____|
2026-09-29 16:31:11 [INFO]  | |    | (___ | |        [CSC] Version: v2.27.45
2026-09-29 16:31:11 [INFO]  | |     \___ \| |        Minecraft Version: 1.21.1 neoforge
2026-09-29 16:31:11 [INFO]  | |____ ____) | |____    Problem/Feedback: Discord: https://discord.gg/rQV5JPauY7
2026-09-29 16:31:11 [INFO]   \_____|_____/ \_____|
2026-09-29 16:31:11 [INFO]                        
2026-09-29 18:23:03 [INFO] CSC close completely, thanks for using!
2026-09-29 21:50:44 [INFO] CSC is loading...   Success！
2026-09-29 21:57:37 [INFO]    _____  _____  _____ 
2026-09-29 21:57:37 [INFO]   / ____|/ ____|/ ____|
2026-09-29 21:57:37 [INFO]  | |    | (___ | |        [CSC] Version: v2.27.45
2026-09-29 21:57:37 [INFO]  | |     \___ \| |        Minecraft Version: 1.21.1 neoforge
2026-09-29 21:57:37 [INFO]  | |____ ____) | |____    Problem/Feedback: Discord: https://discord.gg/rQV5JPauY7
2026-09-29 21:57:37 [INFO]   \_____|_____/ \_____|
2026-09-29 21:57:37 [INFO]                        
2026-09-29 22:51:11 [INFO] CSC is loading...   Success！
2026-09-29 23:19:45 [INFO] CSC is loading...   Success！
2026-09-30 15:57:37 [INFO] CSC is loading...   Success！
2026-09-30 16:22:33 [INFO] CSC is loading...   Success！
2026-09-30 16:27:37 [INFO]    _____  _____  _____ 
2026-09-30 16:27:37 [INFO]   / ____|/ ____|/ ____|
2026-09-30 16:27:37 [INFO]  | |    | (___ | |        [CSC] Version: v2.27.45
2026-09-30 16:27:37 [INFO]  | |     \___ \| |        Minecraft Version: 1.21.1 neoforge
2026-09-30 16:27:37 [INFO]  | |____ ____) | |____    Problem/Feedback: Discord: https://discord.gg/rQV5JPauY7
2026-09-30 16:27:37 [INFO]   \_____|_____/ \_____|
2026-09-30 16:27:37 [INFO]                        
2026-09-30 16:29:47 [INFO] CSC is loading...   Success！
2026-09-30 16:31:23 [INFO]    _____  _____  _____ 
2026-09-30 16:31:23 [INFO]   / ____|/ ____|/ ____|
2026-09-30 16:31:23 [INFO]  | |    | (___ | |        [CSC] Version: v2.27.45
2026-09-30 16:31:23 [INFO]  | |     \___ \| |        Minecraft Version: 1.21.1 neoforge
2026-09-30 16:31:23 [INFO]  | |____ ____) | |____    Problem/Feedback: Discord: https://discord.gg/rQV5JPauY7
2026-09-30 16:31:23 [INFO]   \_____|_____/ \_____|
2026-09-30 16:31:23 [INFO]                        
2026-09-30 16:53:14 [INFO] CSC close completely, thanks for using!
2026-09-30 16:53:38 [INFO]    _____  _____  _____ 
2026-09-30 16:53:38 [INFO]   / ____|/ ____|/ ____|
2026-09-30 16:53:38 [INFO]  | |    | (___ | |        [CSC] Version: v2.27.45
2026-09-30 16:53:38 [INFO]  | |     \___ \| |        Minecraft Version: 1.21.1 neoforge
2026-09-30 16:53:38 [INFO]  | |____ ____) | |____    Problem/Feedback: Discord: https://discord.gg/rQV5JPauY7
2026-09-30 16:53:38 [INFO]   \_____|_____/ \_____|
2026-09-30 16:53:38 [INFO]                        
2026-09-30 17:22:14 [INFO] CSC close completely, thanks for using!
2026-09-30 17:22:34 [INFO]    _____  _____  _____ 
2026-09-30 17:22:34 [INFO]   / ____|/ ____|/ ____|
2026-09-30 17:22:34 [INFO]  | |    | (___ | |        [CSC] Version: v2.27.45
2026-09-30 17:22:34 [INFO]  | |     \___ \| |        Minecraft Version: 1.21.1 neoforge
2026-09-30 17:22:34 [INFO]  | |____ ____) | |____    Problem/Feedback: Discord: https://discord.gg/rQV5JPauY7
2026-09-30 17:22:34 [INFO]   \_____|_____/ \_____|
2026-09-30 17:22:34 [INFO]                        
2026-09-30 17:28:07 [INFO] CSC close completely, thanks for using!
2026-09-30 17:28:26 [INFO]    _____  _____  _____ 
2026-09-30 17:28:26 [INFO]   / ____|/ ____|/ ____|
2026-09-30 17:28:26 [INFO]  | |    | (___ | |        [CSC] Version: v2.27.45
2026-09-30 17:28:26 [INFO]  | |     \___ \| |        Minecraft Version: 1.21.1 neoforge
2026-09-30 17:28:26 [INFO]  | |____ ____) | |____    Problem/Feedback: Discord: https://discord.gg/rQV5JPauY7
2026-09-30 17:28:26 [INFO]   \_____|_____/ \_____|
2026-09-30 17:28:26 [INFO]                        
2026-09-30 23:57:59 [INFO] CSC is loading...   Success！
2026-09-30 23:59:44 [INFO]    _____  _____  _____ 
2026-09-30 23:59:44 [INFO]   / ____|/ ____|/ ____|
2026-09-30 23:59:44 [INFO]  | |    | (___ | |        [CSC] Version: v2.27.45
2026-09-30 23:59:44 [INFO]  | |     \___ \| |        Minecraft Version: 1.21.1 neoforge
2026-09-30 23:59:44 [INFO]  | |____ ____) | |____    Problem/Feedback: Discord: https://discord.gg/rQV5JPauY7
2026-09-30 23:59:44 [INFO]   \_____|_____/ \_____|
2026-09-30 23:59:44 [INFO]                        
2026-10-01 00:09:25 [INFO] CSC close completely, thanks for using!
2026-10-01 00:10:50 [INFO] CSC is loading...   Success！
2026-10-01 00:13:14 [INFO]    _____  _____  _____ 
2026-10-01 00:13:14 [INFO]   / ____|/ ____|/ ____|
2026-10-01 00:13:14 [INFO]  | |    | (___ | |        [CSC] Version: v2.27.45
2026-10-01 00:13:14 [INFO]  | |     \___ \| |        Minecraft Version: 1.21.1 neoforge
2026-10-01 00:13:14 [INFO]  | |____ ____) | |____    Problem/Feedback: Discord: https://discord.gg/rQV5JPauY7
2026-10-01 00:13:14 [INFO]   \_____|_____/ \_____|
2026-10-01 00:13:14 [INFO]                        
2026-10-01 00:16:52 [INFO] CSC close completely, thanks for using!
2026-10-01 00:18:20 [INFO] CSC is loading...   Success！
2026-10-01 00:22:19 [INFO]    _____  _____  _____ 
2026-10-01 00:22:19 [INFO]   / ____|/ ____|/ ____|
2026-10-01 00:22:19 [INFO]  | |    | (___ | |        [CSC] Version: v2.27.45
2026-10-01 00:22:19 [INFO]  | |     \___ \| |        Minecraft Version: 1.21.1 neoforge
2026-10-01 00:22:19 [INFO]  | |____ ____) | |____    Problem/Feedback: Discord: https://discord.gg/rQV5JPauY7
2026-10-01 00:22:19 [INFO]   \_____|_____/ \_____|
2026-10-01 00:22:19 [INFO]                        
2026-10-01 00:22:31 [INFO] CSC close completely, thanks for using!
2026-10-01 00:23:51 [INFO] CSC is loading...   Success！
2026-10-01 00:27:57 [INFO]    _____  _____  _____ 
2026-10-01 00:27:57 [INFO]   / ____|/ ____|/ ____|
2026-10-01 00:27:57 [INFO]  | |    | (___ | |        [CSC] Version: v2.27.45
2026-10-01 00:27:57 [INFO]  | |     \___ \| |        Minecraft Version: 1.21.1 neoforge
2026-10-01 00:27:57 [INFO]  | |____ ____) | |____    Problem/Feedback: Discord: https://discord.gg/rQV5JPauY7
2026-10-01 00:27:57 [INFO]   \_____|_____/ \_____|
2026-10-01 00:27:57 [INFO]                        
2026-10-01 00:37:42 [INFO] CSC is loading...   Success！
2026-10-01 00:39:18 [INFO]    _____  _____  _____ 
2026-10-01 00:39:18 [INFO]   / ____|/ ____|/ ____|
2026-10-01 00:39:18 [INFO]  | |    | (___ | |        [CSC] Version: v2.27.45
2026-10-01 00:39:18 [INFO]  | |     \___ \| |        Minecraft Version: 1.21.1 neoforge
2026-10-01 00:39:18 [INFO]  | |____ ____) | |____    Problem/Feedback: Discord: https://discord.gg/rQV5JPauY7
2026-10-01 00:39:18 [INFO]   \_____|_____/ \_____|
2026-10-01 00:39:18 [INFO]                        
2026-10-01 23:41:08 [INFO] CSC is loading...   Success！
